,TIME,DEPTH,PRES
0,20423.152604166666,25,27.0
1,20423.69306712963,25,27.0
2,20424.222546296296,25,28.0
3,20424.403159722224,25,
4,20425.475555555557,25,
5,20425.50324074074,25,26.0
6,20425.54685185185,25,26.0
7,20425.571400462963,25,26.0
8,20425.602962962963,25,26.0
9,20425.63457175926,25,26.0
10,20425.688981481482,25,26.0
11,20425.75789351852,25,32.0
12,20425.79291666667,25,29.0
13,20425.829421296297,25,28.0
14,20425.864131944447,25,27.0
15,20425.90105324074,25,30.0
16,20427.94334490741,25,29.0
17,20427.943414351852,25,30.0
18,20428.02795138889,25,27.0
19,20428.116782407407,25,26.0
20,20428.199386574073,25,26.0
21,20428.27855324074,25,26.0
22,20428.398784722223,25,27.0
23,20429.030185185187,25,25.0
24,20429.23704861111,25,26.0
25,20429.3815625,25,26.0
26,20429.523553240742,25,26.0
27,20434.997951388887,25,26.0
28,20441.607083333332,25,25.0
29,20442.597488425927,25,25.0
30,20442.634872685183,25,26.0
31,20442.670636574072,25,25.0
32,20464.414282407408,25,26.0
33,20465.580162037037,25,26.0
34,20466.327199074072,25,29.0
35,20466.674953703703,25,27.0
36,20467.307476851853,25,27.0
37,20467.713032407406,25,28.0
38,20468.3278125,25,28.0
39,20468.464016203703,25,28.0
40,20468.660127314815,25,25.0
41,20469.387164351854,25,28.0
42,20469.564166666667,25,27.0
43,20470.297083333335,25,28.0
44,20470.587106481482,25,26.0
45,20470.75775462963,25,27.0
46,20471.29150462963,25,28.0
47,20471.435069444444,25,28.0
48,20471.590405092593,25,26.0
49,20471.753113425926,25,28.0
50,20472.349097222224,25,28.0
51,20472.39212962963,25,25.0
52,20472.562291666665,25,28.0
53,20473.578449074073,25,27.0
54,20473.902060185184,25,27.0
55,20473.977858796297,25,25.0
56,20474.053287037037,25,28.0
57,20474.125555555554,25,26.0
58,20474.191944444447,25,26.0
59,20474.311180555556,25,27.0
60,20474.391261574074,25,28.0
61,20474.50773148148,25,26.0
62,20474.597488425927,25,27.0
63,20474.72065972222,25,27.0
64,20474.862662037038,25,27.0
65,20475.06537037037,25,26.0
66,20475.23503472222,25,28.0
67,20475.418541666666,25,29.0
68,20475.63127314815,25,28.0
69,20477.04792824074,25,36.0
70,20477.193148148148,25,27.0
71,20477.223981481482,25,30.0
72,20477.543761574074,25,27.0
73,20477.714398148146,25,28.0
74,20477.801203703704,25,27.0
75,20477.862094907407,25,28.0
76,20477.97195601852,25,27.0
77,20478.050902777777,25,27.0
78,20478.115925925926,25,26.0
79,20478.22105324074,25,29.0
80,20478.301898148147,25,29.0
81,20478.470833333333,25,27.0
82,20478.519618055554,25,27.0
83,20478.649907407405,25,27.0
84,20478.670532407406,25,27.0
85,20478.87162037037,25,27.0
86,20478.950381944444,25,28.0
87,20479.163796296296,25,28.0
88,20479.327662037038,25,28.0
89,20479.48085648148,25,26.0
90,20479.5890625,25,27.0
91,20479.743900462963,25,28.0
92,20480.292789351854,25,30.0
93,20480.414166666666,25,29.0
94,20480.508854166666,25,26.0
95,20480.60148148148,25,27.0
96,20480.65832175926,25,25.0
97,20480.683483796296,25,26.0
98,20480.731087962962,25,28.0
99,20480.744270833333,25,28.0
100,20480.79189814815,25,28.0
101,20480.842291666668,25,28.0
102,20480.905671296296,25,30.0
103,20481.01355324074,25,26.0
104,20481.102349537035,25,26.0
105,20481.21295138889,25,28.0
106,20481.309895833332,25,28.0
107,20481.314270833333,25,28.0
108,20481.418055555554,25,28.0
109,20481.454687499998,25,28.0
110,20481.49840277778,25,28.0
111,20481.540891203706,25,26.0
112,20481.597326388888,25,26.0
113,20481.67101851852,25,28.0
114,20481.68783564815,25,26.0
115,20481.742800925927,25,29.0
116,20481.80023148148,25,26.0
117,20481.868310185186,25,31.0
118,20481.935810185187,25,28.0
119,20481.94263888889,25,27.0
120,20481.971215277776,25,26.0
121,20481.992222222223,25,25.0
122,20481.99247685185,25,26.0
123,20482.02996527778,25,26.0
124,20482.049988425926,25,27.0
125,20482.0621875,25,26.0
126,20482.12728009259,25,26.0
127,20482.15979166667,25,27.0
128,20482.22297453704,25,28.0
129,20482.278159722224,25,29.0
130,20482.33440972222,25,28.0
131,20482.363819444447,25,27.0
132,20482.40403935185,25,28.0
133,20482.433900462962,25,27.0
134,20482.470150462963,25,28.0
135,20482.497430555555,25,27.0
136,20482.53140046296,25,26.0
137,20482.56701388889,25,27.0
138,20482.61326388889,25,27.0
139,20482.649467592593,25,28.0
140,20482.706724537038,25,28.0
141,20482.77306712963,25,29.0
142,20482.850844907407,25,29.0
143,20482.912476851852,25,29.0
144,20482.9759375,25,27.0
145,20483.034641203703,25,26.0
146,20484.89523148148,25,27.0
147,20484.926215277777,25,30.0
148,20484.99736111111,25,28.0
149,20485.093958333335,25,28.0
150,20485.16597222222,25,29.0
151,20485.238634259258,25,27.0
152,20485.37303240741,25,27.0
153,20485.444826388888,25,27.0
154,20485.544456018517,25,29.0
155,20485.617280092592,25,29.0
156,20485.72202546296,25,25.0
157,20485.798125,25,26.0
158,20485.869143518517,25,27.0
159,20485.96315972222,25,27.0
160,20486.04037037037,25,27.0
161,20486.145960648148,25,28.0
162,20486.22212962963,25,28.0
163,20486.31931712963,25,27.0
164,20486.44659722222,25,28.0
165,20487.702696759257,25,26.0
166,20487.81644675926,25,26.0
167,20487.910011574073,25,26.0
168,20488.018206018518,25,26.0
169,20488.133009259258,25,26.0
170,20488.235891203705,25,26.0
171,20488.334826388887,25,26.0
172,20488.43130787037,25,28.0
173,20488.5184375,25,26.0
174,20488.59954861111,25,26.0
175,20488.70204861111,25,26.0
176,20488.84681712963,25,25.0
177,20488.92945601852,25,26.0
178,20489.010787037038,25,27.0
179,20489.10269675926,25,26.0
180,20489.19820601852,25,27.0
181,20489.264675925926,25,26.0
182,20489.347465277777,25,26.0
183,20489.453958333335,25,26.0
184,20489.537372685187,25,26.0
185,20489.611261574075,25,26.0
186,20489.84636574074,25,26.0
187,20489.932939814815,25,26.0
188,20490.004085648146,25,26.0
189,20490.11820601852,25,27.0
190,20490.193854166668,25,25.0
191,20490.294409722224,25,27.0
192,20490.473483796297,25,27.0
193,20490.59480324074,25,26.0
194,20490.975347222222,25,27.0
195,20491.114050925924,25,27.0
196,20491.221875,25,28.0
197,20491.5325,25,26.0
198,20491.65912037037,25,26.0
199,20491.72740740741,25,26.0
200,20491.798703703706,25,26.0
201,20491.870787037038,25,26.0
202,20492.491805555557,25,25.0
203,20492.552037037036,25,25.0
204,20492.591018518517,25,26.0
205,20492.637546296297,25,26.0
206,20492.671388888888,25,26.0
207,20492.70449074074,25,27.0
208,20492.735,25,26.0
209,20492.764537037037,25,26.0
210,20492.79300925926,25,
211,20492.82185185185,25,
212,20493.630694444444,25,27.0
213,20494.405891203704,25,26.0
214,20494.472002314815,25,
215,20494.516574074074,25,27.0
216,20494.570659722223,25,26.0
217,20494.618530092594,25,26.0
218,20494.68366898148,25,28.0
219,20494.73922453704,25,27.0
220,20494.797939814813,25,26.0
221,20494.87278935185,25,26.0
222,20494.956631944446,25,26.0
223,20495.019050925926,25,27.0
224,20495.084375000002,25,26.0
225,20495.12261574074,25,26.0
226,20495.17701388889,25,26.0
227,20495.241550925926,25,26.0
228,20495.323726851853,25,26.0
229,20495.391412037035,25,27.0
230,20495.456550925926,25,28.0
231,20495.502141203706,25,29.0
232,20495.60991898148,25,26.0
233,20495.71715277778,25,26.0
234,20495.82321759259,25,27.0
235,20495.918958333332,25,26.0
236,20495.937662037035,25,26.0
237,20496.015532407408,25,27.0
238,20496.096828703703,25,26.0
239,20496.172569444443,25,26.0
240,20496.206099537038,25,28.0
241,20496.431828703706,25,25.0
242,20496.474097222224,25,28.0
243,20496.69210648148,25,26.0
244,20496.75335648148,25,27.0
245,20497.02565972222,25,27.0
246,20497.049016203706,25,28.0
247,20497.285590277777,25,26.0
248,20497.28744212963,25,26.0
249,20497.29295138889,25,27.0
250,20497.46002314815,25,26.0
251,20497.542083333334,25,29.0
252,20497.575069444447,25,28.0
253,20497.651701388888,25,28.0
254,20497.762685185186,25,25.0
255,20497.803877314815,25,26.0
256,20497.821435185186,25,27.0
257,20497.92363425926,25,26.0
258,20498.075671296294,25,27.0
259,20498.133194444443,25,28.0
260,20498.421863425927,25,26.0
261,20498.716770833333,25,26.0
262,20498.830601851852,25,26.0
263,20499.007777777777,25,27.0
264,20499.110115740743,25,26.0
265,20499.346006944445,25,27.0
266,20499.485694444444,25,27.0
267,20499.565763888888,25,27.0
268,20499.771921296295,25,26.0
269,20499.819594907407,25,25.0
270,20499.99541666667,25,27.0
271,20500.08175925926,25,26.0
272,20500.3003125,25,26.0
273,20500.352719907405,25,27.0
274,20500.48767361111,25,27.0
275,20500.626157407405,25,26.0
276,20500.6809375,25,27.0
277,20500.898564814815,25,26.0
278,20500.94753472222,25,25.0
279,20501.10871527778,25,26.0
280,20501.130081018517,25,26.0
281,20501.194733796296,25,26.0
282,20501.216145833332,25,26.0
283,20501.294247685186,25,26.0
284,20501.310081018517,25,27.0
285,20501.37984953704,25,27.0
286,20501.44045138889,25,26.0
287,20501.51309027778,25,26.0
288,20501.584155092594,25,26.0
289,20501.600775462965,25,27.0
290,20501.65105324074,25,27.0
291,20501.75037037037,25,26.0
292,20501.768541666668,25,25.0
293,20501.831296296295,25,27.0
294,20501.88886574074,25,26.0
295,20501.960451388888,25,27.0
296,20501.997268518517,25,25.0
297,20502.10471064815,25,28.0
298,20502.220578703706,25,26.0
299,20502.283657407406,25,26.0
300,20502.33491898148,25,26.0
301,20502.507395833334,25,27.0
302,20502.564247685186,25,27.0
303,20502.61394675926,25,26.0
304,20502.671122685188,25,26.0
305,20502.89920138889,25,27.0
306,20502.9284375,25,26.0
307,20502.972395833334,25,26.0
308,20503.06314814815,25,27.0
309,20503.195185185185,25,27.0
310,20503.203449074073,25,27.0
311,20503.331527777777,25,26.0
312,20503.405613425926,25,26.0
313,20503.537939814814,25,26.0
314,20503.566319444446,25,25.0
315,20503.657974537036,25,27.0
316,20503.76241898148,25,27.0
317,20503.83701388889,25,26.0
318,20503.91167824074,25,27.0
319,20504.053784722222,25,26.0
320,20504.084583333333,25,26.0
321,20504.236666666668,25,25.0
322,20504.325868055555,25,27.0
323,20504.366828703704,25,27.0
324,20504.40884259259,25,26.0
325,20504.59671296296,25,27.0
326,20504.630381944444,25,28.0
327,20504.68255787037,25,27.0
328,20504.82159722222,25,28.0
329,20504.871261574073,25,27.0
330,20504.92523148148,25,25.0
331,20504.98148148148,25,27.0
332,20505.078877314812,25,27.0
333,20505.134664351852,25,29.0
334,20505.18736111111,25,27.0
335,20505.24164351852,25,26.0
336,20505.345185185186,25,27.0
337,20505.380208333332,25,25.0
338,20505.533194444444,25,27.0
339,20505.62664351852,25,26.0
340,20505.650289351852,25,27.0
341,20505.79909722222,25,26.0
342,20505.899479166666,25,26.0
343,20505.915810185186,25,26.0
344,20505.96185185185,25,26.0
345,20506.09298611111,25,26.0
346,20506.111539351852,25,27.0
347,20506.170358796295,25,27.0
348,20506.327627314815,25,27.0
349,20506.39232638889,25,27.0
350,20506.449502314816,25,28.0
351,20506.619594907406,25,28.0
352,20506.664016203704,25,29.0
353,20506.74934027778,25,28.0
354,20506.806828703706,25,27.0
355,20506.848854166667,25,25.0
356,20506.98565972222,25,26.0
357,20507.07170138889,25,27.0
358,20507.18755787037,25,28.0
359,20507.34767361111,25,28.0
360,20507.44790509259,25,26.0
361,20507.595648148148,25,28.0
362,20507.73039351852,25,27.0
363,20507.810891203702,25,28.0
364,20507.980868055554,25,33.0
365,20508.18222222222,25,27.0
366,20512.05238425926,25,26.0
367,20512.25863425926,25,32.0
368,20512.62111111111,25,27.0
369,20512.650486111113,25,28.0
370,20512.85744212963,25,29.0
371,20512.973402777778,25,28.0
372,20513.14039351852,25,26.0
373,20513.209351851852,25,27.0
374,20513.3727662037,25,30.0
375,20513.582893518516,25,27.0
376,20513.66400462963,25,28.0
377,20513.87334490741,25,30.0
378,20513.890104166665,25,27.0
379,20514.071215277778,25,26.0
380,20514.100127314814,25,28.0
381,20514.35380787037,25,26.0
382,20514.388842592594,25,32.0
383,20514.589340277777,25,27.0
384,20514.679131944446,25,27.0
385,20514.80835648148,25,26.0
386,20514.924525462964,25,32.0
387,20515.049074074075,25,29.0
388,20515.18511574074,25,27.0
389,20515.40275462963,25,28.0
390,20515.439583333333,25,34.0
391,20515.61144675926,25,27.0
392,20515.667881944446,25,25.0
393,20515.713275462964,25,26.0
394,20515.71945601852,25,36.0
395,20515.730659722223,25,25.0
396,20515.752858796295,25,26.0
397,20515.807395833333,25,26.0
398,20515.831238425926,25,26.0
399,20515.855821759258,25,27.0
400,20515.87752314815,25,26.0
401,20515.87767361111,25,26.0
402,20515.96792824074,25,26.0
403,20516.124594907407,25,28.0
404,20516.20513888889,25,27.0
405,20516.44917824074,25,33.0
406,20516.597858796296,25,28.0
407,20516.78255787037,25,33.0
408,20516.858391203703,25,27.0
409,20516.996655092593,25,27.0
410,20517.070636574073,25,25.0
411,20517.086921296297,25,25.0
412,20517.11752314815,25,25.0
413,20517.11815972222,25,28.0
414,20517.161979166667,25,26.0
415,20517.20863425926,25,26.0
416,20517.230648148146,25,26.0
417,20517.251921296298,25,26.0
418,20517.295474537037,25,33.0
419,20517.295659722222,25,27.0
420,20517.319409722222,25,26.0
421,20517.341886574075,25,26.0
422,20517.361851851852,25,26.0
423,20517.398483796296,25,27.0
424,20517.419212962963,25,27.0
425,20517.430300925927,25,26.0
426,20517.43482638889,25,26.0
427,20517.44465277778,25,26.0
428,20517.46486111111,25,
429,20517.477523148147,25,26.0
430,20517.52443287037,25,26.0
431,20517.54917824074,25,25.0
432,20517.57351851852,25,25.0
433,20517.58431712963,25,25.0
434,20517.597569444446,25,25.0
435,20517.624363425926,25,25.0
436,20517.65622685185,25,25.0
437,20517.679097222222,25,25.0
438,20517.695428240742,25,25.0
439,20517.7318287037,25,27.0
440,20517.78753472222,25,36.0
441,20517.958773148148,25,25.0
442,20517.971539351853,25,26.0
443,20517.99027777778,25,25.0
444,20517.994594907406,25,28.0
445,20518.020092592593,25,25.0
446,20518.049525462964,25,25.0
447,20518.104953703703,25,25.0
448,20518.12721064815,25,25.0
449,20518.13755787037,25,26.0
450,20518.160590277777,25,25.0
451,20518.182824074076,25,25.0
452,20518.19921296296,25,25.0
453,20518.24384259259,25,26.0
454,20518.266087962962,25,26.0
455,20518.295729166664,25,26.0
456,20518.361689814814,25,27.0
457,20518.378425925926,25,26.0
458,20518.3962037037,25,26.0
459,20518.452962962965,25,26.0
460,20518.469212962962,25,25.0
461,20518.493379629628,25,26.0
462,20518.514444444445,25,25.0
463,20519.46159722222,25,25.0
464,20519.90204861111,25,26.0
465,20519.937094907407,25,34.0
466,20519.963993055553,25,28.0
467,20520.0571875,25,29.0
468,20520.166712962964,25,28.0
469,20520.219618055555,25,32.0
470,20520.250787037035,25,27.0
471,20520.325358796297,25,26.0
472,20520.426875,25,27.0
473,20520.499039351853,25,29.0
474,20520.60716435185,25,26.0
475,20520.68082175926,25,30.0
476,20520.710972222223,25,27.0
477,20520.790844907406,25,26.0
478,20520.861412037037,25,27.0
479,20521.06252314815,25,28.0
480,20521.067858796294,25,27.0
481,20521.18332175926,25,27.0
482,20521.30400462963,25,26.0
483,20521.345312499998,25,26.0
484,20521.367974537035,25,27.0
485,20521.382627314815,25,26.0
486,20521.391886574074,25,26.0
487,20521.408969907407,25,26.0
488,20521.42577546296,25,26.0
489,20521.44434027778,25,26.0
490,20521.446354166666,25,26.0
491,20521.483506944445,25,25.0
492,20521.50008101852,25,25.0
493,20521.52082175926,25,25.0
494,20521.52513888889,25,27.0
495,20521.549386574075,25,25.0
496,20521.57517361111,25,25.0
497,20521.584537037037,25,26.0
498,20521.590046296296,25,25.0
499,20521.608055555556,25,26.0
500,20521.62454861111,25,25.0
501,20521.643043981483,25,25.0
502,20521.65983796296,25,25.0
503,20521.67809027778,25,27.0
504,20521.84269675926,25,27.0
505,20522.206458333334,25,28.0
506,20522.464039351853,25,29.0
507,20522.733101851853,25,26.0
508,20522.976770833335,25,26.0
509,20523.219340277778,25,26.0
510,20523.441053240742,25,27.0
511,20523.639328703703,25,26.0
512,20523.69814814815,25,28.0
513,20524.152627314816,25,29.0
514,20524.42278935185,25,26.0
515,20524.673333333332,25,28.0
516,20524.706527777777,25,29.0
517,20524.807002314814,25,27.0
518,20524.882743055558,25,27.0
519,20524.93488425926,25,27.0
520,20524.9896875,25,29.0
521,20525.266192129628,25,26.0
522,20525.460682870373,25,28.0
523,20526.87818287037,25,28.0
524,20526.967372685187,25,27.0
525,20527.025439814814,25,29.0
526,20527.082685185185,25,29.0
527,20530.20766203704,25,27.0
528,20530.29076388889,25,26.0
529,20530.322974537037,25,36.0
530,20530.357604166667,25,25.0
531,20530.469490740743,25,27.0
532,20530.49960648148,25,29.0
533,20530.593391203704,25,28.0
534,20530.671666666665,25,30.0
535,20530.716006944444,25,32.0
536,20530.750115740742,25,27.0
537,20530.87193287037,25,26.0
538,20530.89201388889,25,31.0
539,20531.098784722224,25,26.0
540,20531.30696759259,25,33.0
541,20531.704976851852,25,27.0
542,20531.791550925926,25,28.0
543,20531.918425925924,25,26.0
544,20531.970532407406,25,27.0
545,20532.00236111111,25,29.0
546,20532.106921296294,25,28.0
547,20532.12179398148,25,26.0
548,20532.202488425926,25,27.0
549,20532.223645833332,25,32.0
550,20532.29403935185,25,27.0
551,20532.296400462965,25,30.0
552,20532.359490740742,25,28.0
553,20532.37974537037,25,28.0
554,20532.53505787037,25,26.0
555,20532.537453703702,25,28.0
556,20532.68457175926,25,27.0
557,20533.136226851853,25,27.0
558,20533.226076388888,25,26.0
559,20533.284641203703,25,26.0
560,20533.457407407408,25,27.0
561,20533.598784722224,25,28.0
562,20533.661354166667,25,27.0
563,20533.745185185184,25,27.0
564,20533.828819444443,25,26.0
565,20533.992824074074,25,26.0
566,20534.054525462965,25,27.0
567,20534.10855324074,25,26.0
568,20534.15619212963,25,27.0
569,20534.25457175926,25,26.0
570,20534.324548611112,25,26.0
571,20534.445613425927,25,26.0
572,20534.511203703703,25,27.0
573,20534.575069444447,25,27.0
574,20534.637210648147,25,28.0
575,20534.703240740742,25,26.0
576,20534.83096064815,25,26.0
577,20534.83471064815,25,26.0
578,20534.92579861111,25,26.0
579,20535.013680555556,25,28.0
580,20535.085034722222,25,28.0
581,20535.159641203703,25,27.0
582,20535.353310185186,25,29.0
583,20535.37040509259,25,27.0
584,20535.520127314816,25,29.0
585,20535.667997685185,25,27.0
586,20535.67724537037,25,27.0
587,20535.8381712963,25,27.0
588,20535.897326388887,25,26.0
589,20535.940162037037,25,30.0
590,20535.984652777777,25,27.0
591,20536.068217592594,25,28.0
592,20536.15329861111,25,27.0
593,20536.28892361111,25,26.0
594,20536.469166666666,25,28.0
595,20536.547974537036,25,26.0
596,20536.60087962963,25,29.0
597,20536.709201388887,25,25.0
598,20536.80318287037,25,26.0
599,20537.01087962963,25,28.0
600,20537.071469907405,25,28.0
601,20537.167395833334,25,28.0
602,20537.248969907407,25,26.0
603,20537.34865740741,25,26.0
604,20537.442881944444,25,28.0
605,20537.913900462965,25,26.0
606,20537.931724537037,25,27.0
607,20537.983946759257,25,25.0
608,20538.03,25,26.0
609,20538.040416666667,25,
610,20538.043530092593,25,26.0
611,20538.05822916667,25,28.0
612,20538.091412037036,25,28.0
613,20538.10855324074,25,28.0
614,20538.126296296297,25,33.0
615,20538.132708333334,25,27.0
616,20538.152037037038,25,26.0
617,20538.174976851853,25,26.0
618,20538.1946875,25,26.0
619,20538.214039351853,25,26.0
620,20538.24730324074,25,26.0
621,20538.256377314814,25,26.0
622,20538.28537037037,25,26.0
623,20538.301631944447,25,26.0
624,20538.305833333336,25,26.0
625,20538.34351851852,25,26.0
626,20538.3459837963,25,25.0
627,20538.45144675926,25,34.0
628,20538.48997685185,25,36.0
629,20538.526875,25,31.0
630,20538.531087962965,25,27.0
631,20538.57267361111,25,37.0
632,20538.62415509259,25,29.0
633,20538.68681712963,25,26.0
634,20538.792465277777,25,34.0
635,20538.805752314813,25,26.0
636,20538.871238425927,25,26.0
637,20538.923854166667,25,30.0
638,20538.971400462964,25,46.0
639,20539.02403935185,25,31.0
640,20539.15365740741,25,36.0
641,20539.192118055555,25,26.0
642,20539.24994212963,25,27.0
643,20539.28835648148,25,26.0
644,20539.32125,25,26.0
645,20539.383854166666,25,26.0
646,20539.444166666664,25,32.0
647,20539.493067129628,25,34.0
648,20539.650127314813,25,35.0
649,20539.72653935185,25,26.0
650,20539.800659722223,25,26.0
651,20539.892719907406,25,26.0
652,20539.93199074074,25,27.0
653,20539.968391203704,25,42.0
654,20540.02675925926,25,28.0
655,20540.028819444444,25,26.0
656,20540.096458333333,25,25.0
657,20540.125462962962,25,27.0
658,20540.206284722222,25,28.0
659,20540.281817129628,25,28.0
660,20540.462280092594,25,28.0
661,20540.56601851852,25,27.0
662,20540.691585648146,25,29.0
663,20540.73925925926,25,26.0
664,20540.84390046296,25,27.0
665,20540.92883101852,25,28.0
666,20541.025416666667,25,26.0
667,20541.0993287037,25,29.0
668,20541.176354166666,25,28.0
669,20541.262534722224,25,27.0
670,20541.429641203704,25,27.0
671,20541.481111111112,25,26.0
672,20541.572939814814,25,25.0
673,20541.65900462963,25,26.0
674,20541.71829861111,25,27.0
675,20541.869444444445,25,27.0
676,20541.960451388888,25,27.0
677,20541.96148148148,25,28.0
678,20542.021041666667,25,28.0
679,20542.080231481483,25,27.0
680,20542.09292824074,25,26.0
681,20542.135231481483,25,27.0
682,20542.150613425925,25,28.0
683,20542.180173611112,25,26.0
684,20542.26166666667,25,26.0
685,20542.262569444447,25,27.0
686,20542.320949074074,25,27.0
687,20542.33454861111,25,27.0
688,20542.387962962963,25,26.0
689,20542.44851851852,25,25.0
690,20542.45545138889,25,27.0
691,20542.54295138889,25,25.0
692,20542.593946759258,25,26.0
693,20542.675925925927,25,26.0
694,20542.748599537037,25,25.0
695,20542.808622685185,25,25.0
696,20542.86650462963,25,26.0
697,20542.937569444442,25,26.0
698,20542.987777777777,25,27.0
699,20542.991388888888,25,27.0
700,20543.040810185186,25,27.0
701,20543.04841435185,25,26.0
702,20543.10653935185,25,26.0
703,20543.145833333332,25,28.0
704,20543.18204861111,25,28.0
705,20543.197870370368,25,26.0
706,20543.259918981483,25,26.0
707,20543.32829861111,25,26.0
708,20543.39159722222,25,28.0
709,20543.394710648146,25,26.0
710,20543.458472222224,25,26.0
711,20543.535023148146,25,27.0
712,20543.574016203704,25,27.0
713,20543.590775462962,25,27.0
714,20543.711805555555,25,26.0
715,20543.78835648148,25,26.0
716,20543.849212962963,25,26.0
717,20543.869444444445,25,27.0
718,20543.90096064815,25,26.0
719,20543.923831018517,25,26.0
720,20543.96133101852,25,27.0
721,20543.999409722222,25,25.0
722,20544.000011574073,25,27.0
723,20544.045312500002,25,27.0
724,20544.087731481482,25,27.0
725,20544.13533564815,25,26.0
726,20544.18296296296,25,26.0
727,20544.187314814815,25,26.0
728,20544.201863425926,25,28.0
729,20544.258541666666,25,27.0
730,20544.261805555554,25,26.0
731,20544.267372685186,25,27.0
732,20544.346099537037,25,27.0
733,20544.36795138889,25,26.0
734,20544.408229166667,25,26.0
735,20544.40857638889,25,28.0
736,20544.45582175926,25,26.0
737,20544.45954861111,25,27.0
738,20544.486099537036,25,26.0
739,20544.501724537036,25,26.0
740,20544.550983796296,25,27.0
741,20544.615497685187,25,26.0
742,20544.637164351854,25,26.0
743,20544.670069444444,25,28.0
744,20544.675243055553,25,26.0
745,20544.719988425928,25,27.0
746,20544.73957175926,25,26.0
747,20544.7625,25,27.0
748,20544.82746527778,25,27.0
749,20544.836400462962,25,26.0
750,20544.87394675926,25,27.0
751,20544.899895833332,25,27.0
752,20544.938125,25,27.0
753,20544.961354166666,25,27.0
754,20545.014930555557,25,28.0
755,20545.032962962963,25,27.0
756,20545.039409722223,25,27.0
757,20545.08915509259,25,26.0
758,20545.12497685185,25,27.0
759,20545.133877314813,25,27.0
760,20545.1852662037,25,26.0
761,20545.19042824074,25,26.0
762,20545.224189814817,25,26.0
763,20545.269398148146,25,27.0
764,20545.269421296296,25,26.0
765,20545.285358796296,25,26.0
766,20545.395752314816,25,26.0
767,20545.438275462962,25,26.0
768,20545.477592592593,25,28.0
769,20545.479618055553,25,26.0
770,20545.530891203704,25,26.0
771,20545.57267361111,25,26.0
772,20545.61972222222,25,26.0
773,20545.696608796297,25,25.0
774,20545.719375,25,26.0
775,20545.756354166668,25,26.0
776,20545.89091435185,25,26.0
777,20545.90857638889,25,28.0
778,20545.925578703704,25,27.0
779,20545.93425925926,25,25.0
780,20545.954421296297,25,26.0
781,20545.959016203702,25,26.0
782,20545.97238425926,25,27.0
783,20546.014444444445,25,26.0
784,20546.02128472222,25,27.0
785,20546.04957175926,25,26.0
786,20546.069375,25,26.0
787,20546.082893518516,25,26.0
788,20546.120532407407,25,27.0
789,20546.12564814815,25,27.0
790,20546.138831018518,25,27.0
791,20546.150162037036,25,26.0
792,20546.16689814815,25,27.0
793,20546.17650462963,25,26.0
794,20546.221493055556,25,26.0
795,20546.308900462962,25,27.0
796,20546.352905092594,25,26.0
797,20546.35505787037,25,
798,20546.39710648148,25,25.0
799,20546.44465277778,25,26.0
800,20546.44790509259,25,26.0
801,20546.482060185186,25,26.0
802,20546.513055555555,25,27.0
803,20546.51667824074,25,27.0
804,20546.581469907407,25,26.0
805,20546.748599537037,25,25.0
806,20546.789097222223,25,29.0
807,20546.82283564815,25,27.0
808,20546.824085648146,25,25.0
809,20546.89520833333,25,25.0
810,20546.901018518518,25,27.0
811,20546.939398148148,25,28.0
812,20546.94949074074,25,26.0
813,20546.967916666665,25,27.0
814,20547.01005787037,25,27.0
815,20547.018136574075,25,27.0
816,20547.056585648148,25,26.0
817,20547.065636574076,25,26.0
818,20547.137939814816,25,26.0
819,20547.222546296296,25,26.0
820,20547.258912037036,25,28.0
821,20547.361354166667,25,25.0
822,20547.46447916667,25,27.0
823,20547.47128472222,25,26.0
824,20547.524930555555,25,26.0
825,20547.589247685184,25,26.0
826,20547.71363425926,25,26.0
827,20547.73724537037,25,28.0
828,20547.821342592593,25,26.0
829,20547.832291666666,25,27.0
830,20547.853599537037,25,29.0
831,20547.859421296296,25,26.0
832,20547.892824074075,25,26.0
833,20547.96122685185,25,26.0
834,20548.021747685187,25,27.0
835,20548.103506944444,25,26.0
836,20548.163645833334,25,26.0
837,20548.244108796298,25,26.0
838,20548.29238425926,25,27.0
839,20548.316296296296,25,26.0
840,20548.37869212963,25,26.0
841,20548.389525462964,25,27.0
842,20548.40775462963,25,27.0
843,20548.41866898148,25,26.0
844,20548.430879629628,25,26.0
845,20548.44439814815,25,26.0
846,20548.470520833333,25,27.0
847,20548.485243055555,25,26.0
848,20548.48628472222,25,26.0
849,20548.528761574074,25,26.0
850,20548.55912037037,25,26.0
851,20548.569965277777,25,27.0
852,20548.586921296297,25,26.0
853,20548.603055555555,25,27.0
854,20548.62712962963,25,26.0
855,20548.646539351852,25,27.0
856,20548.690787037038,25,26.0
857,20548.756122685187,25,26.0
858,20548.803275462964,25,26.0
859,20548.83040509259,25,27.0
860,20548.843634259258,25,26.0
861,20548.905081018518,25,26.0
862,20548.943796296295,25,27.0
863,20548.99604166667,25,26.0
864,20549.067881944444,25,27.0
865,20549.211678240743,25,25.0
866,20549.298275462963,25,26.0
867,20549.370219907407,25,27.0
868,20549.412349537037,25,27.0
869,20549.45608796296,25,26.0
870,20549.520706018517,25,26.0
871,20549.648715277777,25,26.0
872,20549.697962962964,25,26.0
873,20549.74608796296,25,27.0
874,20549.77971064815,25,27.0
875,20549.824791666666,25,26.0
876,20549.84954861111,25,28.0
877,20549.86769675926,25,26.0
878,20550.087430555555,25,28.0
879,20550.159965277777,25,26.0
880,20550.30175925926,25,26.0
881,20550.33947916667,25,26.0
882,20550.480821759258,25,25.0
883,20550.525497685183,25,25.0
884,20550.57482638889,25,26.0
885,20550.61482638889,25,26.0
886,20550.649710648147,25,26.0
887,20550.702858796296,25,29.0
888,20550.801909722224,25,26.0
889,20550.840150462962,25,26.0
890,20550.886365740742,25,26.0
891,20550.92769675926,25,26.0
892,20551.012291666666,25,26.0
893,20551.05287037037,25,26.0
894,20551.087789351852,25,26.0
895,20551.130069444444,25,26.0
896,20551.161747685186,25,26.0
897,20551.291643518518,25,27.0
898,20551.300601851854,25,27.0
899,20551.373599537037,25,27.0
900,20551.419386574074,25,26.0
901,20551.925625,25,26.0
902,20552.111666666668,25,25.0
903,20552.8715625,25,27.0
904,20552.964733796296,25,27.0
905,20553.082916666666,25,25.0
906,20553.227453703705,25,27.0
907,20553.34283564815,25,27.0
908,20553.36982638889,25,28.0
909,20553.467858796295,25,27.0
910,20553.46982638889,25,27.0
911,20553.52278935185,25,27.0
912,20553.558715277777,25,26.0
913,20553.57193287037,25,27.0
914,20553.593715277777,25,27.0
915,20553.65303240741,25,26.0
916,20553.6553125,25,27.0
917,20553.768645833334,25,27.0
918,20553.85173611111,25,26.0
919,20553.9241087963,25,27.0
920,20554.051157407408,25,26.0
921,20554.206863425927,25,28.0
922,20554.217650462964,25,28.0
923,20554.421064814815,25,27.0
924,20554.726666666666,25,29.0
925,20554.86,25,26.0
926,20554.930717592593,25,28.0
927,20554.938055555554,25,26.0
928,20554.995717592592,25,27.0
929,20555.066527777777,25,26.0
930,20555.144699074073,25,28.0
931,20555.255034722224,25,26.0
932,20555.299699074076,25,27.0
933,20555.34804398148,25,25.0
934,20555.44292824074,25,25.0
935,20555.55652777778,25,26.0
936,20555.657314814813,25,27.0
937,20555.740995370372,25,26.0
938,20555.782824074075,25,26.0
939,20555.821400462963,25,28.0
940,20555.85755787037,25,26.0
941,20555.89553240741,25,27.0
942,20555.945625,25,25.0
943,20556.039259259258,25,26.0
944,20556.270462962962,25,26.0
945,20556.318391203702,25,25.0
946,20556.459675925926,25,26.0
947,20556.46457175926,25,27.0
948,20556.502719907407,25,30.0
949,20556.662662037037,25,27.0
950,20556.69943287037,25,27.0
951,20556.791145833333,25,26.0
952,20556.97761574074,25,25.0
953,20556.993067129628,25,27.0
954,20557.069328703703,25,25.0
955,20557.113506944446,25,27.0
956,20557.20215277778,25,27.0
957,20557.211435185185,25,27.0
958,20557.289837962962,25,27.0
959,20557.44140046296,25,27.0
960,20557.490925925926,25,27.0
961,20557.570555555558,25,26.0
962,20557.619444444445,25,26.0
963,20557.698599537038,25,26.0
964,20557.754016203704,25,26.0
965,20557.773645833335,25,28.0
966,20557.8059375,25,27.0
967,20557.82429398148,25,25.0
968,20557.871122685185,25,27.0
969,20557.895636574074,25,26.0
970,20557.920023148148,25,26.0
971,20561.697210648148,25,26.0
972,20561.71483796296,25,26.0
973,20561.75451388889,25,25.0
974,20561.98017361111,25,26.0
975,20562.01170138889,25,26.0
976,20562.044155092593,25,26.0
977,20562.076180555556,25,26.0
978,20562.107893518518,25,26.0
979,20562.13902777778,25,26.0
980,20562.184814814816,25,26.0
981,20562.254363425924,25,26.0
982,20562.269884259258,25,26.0
983,20562.27596064815,25,27.0
984,20562.299756944445,25,26.0
985,20562.35452546296,25,27.0
986,20562.37203703704,25,26.0
987,20562.38849537037,25,26.0
988,20562.391493055555,25,27.0
989,20562.423564814813,25,27.0
990,20562.47849537037,25,26.0
991,20562.501412037036,25,26.0
992,20562.511689814815,25,26.0
993,20562.523275462965,25,27.0
994,20562.538113425926,25,26.0
995,20562.548541666667,25,26.0
996,20562.553599537037,25,26.0
997,20562.59724537037,25,25.0
998,20562.602256944443,25,26.0
999,20562.611979166668,25,26.0
1000,20562.626874999998,25,26.0
1001,20562.66042824074,25,26.0
1002,20562.787708333333,25,26.0
1003,20562.837395833332,25,26.0
1004,20562.889849537038,25,27.0
1005,20562.91628472222,25,26.0
1006,20562.964675925927,25,26.0
1007,20562.993136574074,25,26.0
1008,20563.02377314815,25,26.0
1009,20563.275775462964,25,26.0
1010,20563.613402777777,25,26.0
1011,20563.626863425925,25,26.0
1012,20563.646273148148,25,26.0
1013,20564.193912037037,25,27.0
1014,20566.426122685185,25,26.0
1015,20568.30570601852,25,28.0
1016,20568.357800925925,25,26.0
1017,20568.375347222223,25,28.0
1018,20568.380636574075,25,25.0
1019,20568.406828703704,25,38.0
1020,20568.430358796297,25,26.0
1021,20568.453738425927,25,26.0
1022,20568.476493055558,25,25.0
1023,20568.477916666667,25,26.0
1024,20568.503113425926,25,27.0
1025,20568.52005787037,25,26.0
1026,20568.571944444444,25,25.0
1027,20568.649004629628,25,28.0
1028,20568.71489583333,25,28.0
1029,20568.772905092592,25,28.0
1030,20568.94837962963,25,26.0
1031,20569.3896875,25,26.0
1032,20569.418368055554,25,25.0
1033,20569.441655092593,25,26.0
1034,20569.461134259258,25,25.0
1035,20569.47855324074,25,25.0
1036,20569.499641203704,25,25.0
1037,20569.901493055553,25,27.0
1038,20569.994791666668,25,26.0
1039,20570.06837962963,25,26.0
1040,20570.157060185185,25,27.0
1041,20570.50920138889,25,27.0
1042,20570.799166666668,25,28.0
1043,20570.85321759259,25,28.0
1044,20570.946087962962,25,26.0
1045,20571.00327546296,25,26.0
1046,20571.074444444446,25,26.0
1047,20571.582476851854,25,27.0
1048,20571.789340277777,25,27.0
1049,20571.98471064815,25,31.0
1050,20571.991157407407,25,26.0
1051,20572.023402777777,25,30.0
1052,20572.053171296295,25,28.0
1053,20572.076030092594,25,27.0
1054,20572.077858796296,25,29.0
1055,20572.133298611112,25,26.0
1056,20572.201666666668,25,26.0
1057,20572.48209490741,25,29.0
1058,20572.53175925926,25,30.0
1059,20572.580555555556,25,30.0
1060,20572.595601851852,25,29.0
1061,20572.795949074072,25,28.0
1062,20572.800358796296,25,26.0
1063,20573.017060185186,25,29.0
1064,20573.271296296294,25,25.0
1065,20573.960775462965,25,27.0
1066,20574.41099537037,25,28.0
1067,20574.510324074075,25,29.0
1068,20574.92818287037,25,28.0
1069,20575.21111111111,25,27.0
1070,20575.62599537037,25,29.0
1071,20575.69068287037,25,28.0
1072,20575.834131944444,25,26.0
1073,20576.380497685186,25,28.0
1074,20576.527118055554,25,33.0
1075,20576.746400462962,25,26.0
1076,20576.763252314817,25,29.0
1077,20577.24011574074,25,25.0
1078,20577.749016203703,25,27.0
1079,20577.762824074074,25,28.0
1080,20577.848229166666,25,27.0
1081,20577.85142361111,25,28.0
1082,20577.926747685186,25,26.0
1083,20577.937407407408,25,26.0
1084,20577.98204861111,25,27.0
1085,20578.010462962964,25,25.0
1086,20578.11587962963,25,26.0
1087,20578.12394675926,25,26.0
1088,20578.161631944444,25,26.0
1089,20578.199861111112,25,26.0
1090,20578.201921296295,25,29.0
1091,20578.34763888889,25,27.0
1092,20578.477974537036,25,30.0
1093,20578.493217592593,25,27.0
1094,20578.638310185186,25,26.0
1095,20578.679953703704,25,25.0
1096,20578.72502314815,25,28.0
1097,20578.87263888889,25,28.0
1098,20579.001921296298,25,26.0
1099,20579.068599537037,25,31.0
1100,20579.289953703705,25,26.0
1101,20579.363402777777,25,27.0
1102,20579.53054398148,25,30.0
1103,20579.54527777778,25,26.0
1104,20579.587824074075,25,27.0
1105,20579.6146875,25,26.0
1106,20579.697407407406,25,28.0
1107,20579.701412037037,25,28.0
1108,20579.80414351852,25,28.0
1109,20579.82679398148,25,26.0
1110,20579.839351851853,25,27.0
1111,20579.899652777778,25,27.0
1112,20579.937384259258,25,26.0
1113,20579.994953703703,25,26.0
1114,20580.028090277778,25,26.0
1115,20580.073344907407,25,28.0
1116,20580.075347222224,25,27.0
1117,20580.121666666666,25,27.0
1118,20580.270405092593,25,27.0
1119,20580.493194444443,25,28.0
1120,20580.592638888887,25,26.0
1121,20580.652118055554,25,
1122,20580.736099537036,25,28.0
1123,20580.82332175926,25,26.0
1124,20580.82798611111,25,27.0
1125,20580.87275462963,25,27.0
1126,20580.918090277777,25,25.0
1127,20580.988587962962,25,27.0
1128,20581.044027777778,25,26.0
1129,20581.103622685183,25,26.0
1130,20581.17966435185,25,28.0
1131,20581.24761574074,25,26.0
1132,20581.27795138889,25,28.0
1133,20581.337361111113,25,27.0
1134,20581.63849537037,25,31.0
1135,20582.05025462963,25,31.0
1136,20582.396122685186,25,26.0
1137,20582.42707175926,25,30.0
1138,20582.447777777776,25,29.0
1139,20582.462361111113,25,31.0
1140,20582.57657407407,25,29.0
1141,20582.646493055556,25,27.0
1142,20582.678761574072,25,28.0
1143,20582.740300925925,25,28.0
1144,20582.758240740743,25,27.0
1145,20582.80851851852,25,29.0
1146,20582.903449074074,25,29.0
1147,20582.922175925927,25,26.0
1148,20582.96678240741,25,26.0
1149,20583.07361111111,25,27.0
1150,20583.59670138889,25,27.0
1151,20583.63769675926,25,26.0
1152,20583.67103009259,25,26.0
1153,20583.709895833334,25,26.0
1154,20583.767974537037,25,27.0
1155,20583.833796296294,25,26.0
1156,20583.841041666667,25,28.0
1157,20583.908738425926,25,26.0
1158,20583.974988425925,25,26.0
1159,20584.0325,25,26.0
1160,20584.066898148147,25,26.0
1161,20584.143657407407,25,27.0
1162,20584.214490740742,25,27.0
1163,20584.24263888889,25,27.0
1164,20584.256851851853,25,25.0
1165,20584.31641203704,25,26.0
1166,20584.381006944444,25,26.0
1167,20584.461122685185,25,26.0
1168,20584.52159722222,25,26.0
1169,20584.58013888889,25,26.0
1170,20584.647256944445,25,37.0
1171,20585.00363425926,25,33.0
1172,20585.441840277777,25,32.0
1173,20586.084375000002,25,33.0
1174,20586.113020833334,25,26.0
1175,20586.16704861111,25,28.0
1176,20586.21415509259,25,27.0
1177,20586.2571875,25,27.0
1178,20586.317754629632,25,27.0
1179,20586.36585648148,25,27.0
1180,20586.413761574073,25,26.0
1181,20586.42740740741,25,31.0
1182,20586.464189814815,25,26.0
1183,20586.552916666667,25,28.0
1184,20586.60300925926,25,26.0
1185,20586.65459490741,25,26.0
1186,20586.702349537038,25,27.0
1187,20586.763518518517,25,28.0
1188,20586.814293981482,25,27.0
1189,20586.862141203703,25,28.0
1190,20586.88230324074,25,25.0
1191,20586.904108796294,25,28.0
1192,20586.999699074073,25,26.0
1193,20587.039675925927,25,26.0
1194,20587.068530092594,25,26.0
1195,20587.10310185185,25,28.0
1196,20587.112083333333,25,26.0
1197,20587.143391203703,25,27.0
1198,20587.157685185186,25,29.0
1199,20587.180960648147,25,27.0
1200,20587.21412037037,25,27.0
1201,20587.275358796298,25,28.0
1202,20587.29505787037,25,28.0
1203,20587.313622685186,25,27.0
1204,20587.39185185185,25,28.0
1205,20587.424699074076,25,26.0
1206,20587.46974537037,25,27.0
1207,20587.491226851853,25,28.0
1208,20587.527453703704,25,28.0
1209,20587.546006944445,25,31.0
1210,20587.558483796296,25,26.0
1211,20587.5833912037,25,26.0
1212,20587.683761574073,25,29.0
1213,20587.90142361111,25,27.0
1214,20587.904479166667,25,27.0
1215,20588.13005787037,25,27.0
1216,20588.34738425926,25,28.0
1217,20588.410185185185,25,27.0
1218,20588.525902777776,25,30.0
1219,20588.55789351852,25,27.0
1220,20588.762222222223,25,28.0
1221,20588.800324074076,25,25.0
1222,20589.017314814813,25,27.0
1223,20589.164097222223,25,37.0
1224,20589.2184375,25,29.0
1225,20589.417175925926,25,27.0
1226,20589.429375,25,34.0
1227,20589.438275462962,25,27.0
1228,20589.709155092594,25,28.0
1229,20589.734942129628,25,28.0
1230,20589.9475462963,25,27.0
1231,20590.137314814816,25,27.0
1232,20590.2465625,25,28.0
1233,20590.3371875,25,26.0
1234,20590.40693287037,25,28.0
1235,20590.644594907408,25,27.0
1236,20590.821793981482,25,28.0
1237,20590.841608796294,25,27.0
1238,20590.86258101852,25,25.0
1239,20590.986111111113,25,26.0
1240,20591.17342592593,25,27.0
1241,20591.350925925926,25,28.0
1242,20591.475729166665,25,29.0
1243,20591.69365740741,25,25.0
1244,20591.814166666667,25,28.0
1245,20591.95509259259,25,26.0
1246,20592.0287037037,25,28.0
1247,20592.062465277777,25,27.0
1248,20592.13633101852,25,27.0
1249,20592.208668981482,25,28.0
1250,20592.27204861111,25,28.0
1251,20592.31127314815,25,26.0
1252,20592.34113425926,25,28.0
1253,20592.403622685186,25,27.0
1254,20592.437777777777,25,29.0
1255,20592.46976851852,25,26.0
1256,20592.558252314815,25,26.0
1257,20592.589872685185,25,26.0
1258,20592.635520833333,25,25.0
1259,20592.70579861111,25,28.0
1260,20592.96377314815,25,26.0
1261,20592.970729166667,25,27.0
1262,20593.027881944447,25,26.0
1263,20593.143506944445,25,26.0
1264,20593.31976851852,25,28.0
1265,20593.372025462962,25,26.0
1266,20593.44199074074,25,27.0
1267,20593.516365740743,25,26.0
1268,20593.622118055555,25,27.0
1269,20593.696504629628,25,28.0
1270,20593.755787037036,25,26.0
1271,20593.808530092592,25,28.0
1272,20593.88050925926,25,28.0
1273,20593.960613425927,25,27.0
1274,20594.00894675926,25,27.0
1275,20594.057476851853,25,26.0
1276,20594.126805555556,25,28.0
1277,20594.17548611111,25,28.0
1278,20594.24142361111,25,28.0
1279,20596.220439814813,25,25.0
1280,20596.55109953704,25,26.0
1281,20596.79957175926,25,26.0
1282,20597.025358796298,25,27.0
1283,20597.182175925926,25,26.0
1284,20597.60929398148,25,27.0
1285,20597.64798611111,25,27.0
1286,20597.794386574074,25,27.0
1287,20598.03903935185,25,28.0
1288,20598.259733796298,25,27.0
1289,20598.476875,25,29.0
1290,20598.52258101852,25,27.3
1291,20598.639513888887,25,26.3
1292,20598.74486111111,25,26.0
1293,20598.762916666667,25,27.3
1294,20598.845162037036,25,27.3
1295,20599.00787037037,25,26.3
1296,20599.083854166667,25,27.3
1297,20599.135439814814,25,28.0
1298,20599.178900462965,25,26.3
1299,20599.290532407405,25,28.0
1300,20599.447407407406,25,27.0
1301,20599.570879629628,25,27.3
1302,20599.674988425926,25,26.0
1303,20599.783738425926,25,27.0
1304,20599.802638888887,25,25.3
1305,20599.885752314814,25,27.0
1306,20599.95496527778,25,27.0
1307,20600.076180555556,25,26.0
1308,20600.25494212963,25,26.3
1309,20600.28951388889,25,26.0
1310,20600.400486111113,25,26.0
1311,20600.409780092592,25,26.3
1312,20600.55928240741,25,25.0
1313,20600.56074074074,25,27.3
1314,20600.66366898148,25,27.3
1315,20600.828645833335,25,27.3
1316,20600.860162037035,25,27.0
1317,20600.919375,25,27.0
1318,20601.001736111113,25,51.0
1319,20601.222199074076,25,26.3
1320,20601.296006944445,25,25.0
1321,20601.32896990741,25,26.0
1322,20601.38021990741,25,25.3
1323,20601.4428125,25,27.0
1324,20601.648935185185,25,26.3
1325,20601.652569444446,25,43.0
1326,20601.9375,25,25.3
1327,20601.941875,25,25.0
1328,20602.12712962963,25,26.3
1329,20602.141516203705,25,28.0
1330,20602.25050925926,25,25.0
1331,20602.340185185185,25,25.3
1332,20602.437025462965,25,27.0
1333,20602.739918981482,25,26.0
1334,20602.769594907408,25,26.0
1335,20603.059988425925,25,27.3
1336,20603.13295138889,25,84.0
1337,20603.16986111111,25,26.3
1338,20603.29574074074,25,26.0
1339,20603.459560185187,25,28.3
1340,20603.538541666665,25,34.0
1341,20603.551666666666,25,27.3
1342,20603.672604166666,25,27.3
1343,20603.78636574074,25,25.3
1344,20603.864444444444,25,25.3
1345,20603.981516203705,25,25.3
1346,20603.995960648146,25,38.0
1347,20604.103703703706,25,26.3
1348,20604.178310185187,25,26.3
1349,20604.308310185184,25,26.3
1350,20604.430671296297,25,27.0
1351,20604.431585648148,25,26.3
1352,20604.66392361111,25,27.0
1353,20604.944444444445,25,27.0
1354,20605.134791666667,25,26.0
1355,20605.318483796294,25,28.0
1356,20605.421886574073,25,26.0
1357,20605.42625,25,27.0
1358,20605.662060185186,25,27.0
1359,20605.91744212963,25,27.0
1360,20606.006145833333,25,27.0
1361,20606.164340277777,25,26.0
1362,20606.29226851852,25,27.0
1363,20606.79351851852,25,25.3
1364,20606.81837962963,25,27.0
1365,20606.977569444443,25,26.3
1366,20606.989421296297,25,26.0
1367,20607.07866898148,25,26.3
1368,20607.18548611111,25,27.0
1369,20607.19209490741,25,26.3
1370,20607.243761574075,25,26.3
1371,20607.425671296296,25,28.3
1372,20607.482002314817,25,26.0
1373,20607.570497685185,25,29.3
1374,20607.654166666667,25,26.3
1375,20607.718136574073,25,28.0
1376,20607.75517361111,25,26.0
1377,20607.7603125,25,32.3
1378,20608.028402777778,25,30.3
1379,20608.079837962963,25,27.3
1380,20608.10001157407,25,27.0
1381,20608.149050925927,25,28.0
1382,20608.202881944442,25,32.3
1383,20608.250162037035,25,28.0
1384,20608.312685185185,25,29.3
1385,20608.362835648146,25,30.3
1386,20608.47978009259,25,31.3
1387,20608.526435185184,25,27.0
1388,20608.577233796295,25,26.0
1389,20608.650150462963,25,28.3
1390,20608.700474537036,25,29.3
1391,20608.786597222224,25,27.0
1392,20608.89810185185,25,29.3
1393,20608.950358796297,25,27.0
1394,20608.98443287037,25,28.0
1395,20608.993761574075,25,29.3
1396,20609.011157407407,25,27.0
1397,20609.04255787037,25,26.3
1398,20609.202592592592,25,27.0
1399,20609.211967592593,25,27.3
1400,20609.317824074074,25,30.3
1401,20609.36559027778,25,27.3
1402,20609.378333333334,25,28.0
1403,20609.474814814814,25,26.3
1404,20609.528333333332,25,27.3
1405,20609.57505787037,25,27.3
1406,20609.62795138889,25,26.3
1407,20609.687939814816,25,26.3
1408,20609.735810185186,25,25.3
1409,20609.764189814814,25,27.0
1410,20609.90428240741,25,29.3
1411,20610.040578703705,25,26.3
1412,20610.117592592593,25,27.0
1413,20610.202708333334,25,27.0
1414,20610.2103125,25,26.3
1415,20610.330243055556,25,25.3
1416,20610.41252314815,25,26.3
1417,20610.537592592595,25,26.3
1418,20610.563958333332,25,26.0
1419,20610.631875,25,27.0
1420,20610.68597222222,25,27.3
1421,20610.78883101852,25,26.0
1422,20610.848877314816,25,27.3
1423,20610.89332175926,25,26.0
1424,20611.26496527778,25,27.0
1425,20611.279756944445,25,28.0
1426,20611.504837962962,25,30.0
1427,20611.5471875,25,27.0
1428,20611.697349537037,25,28.0
1429,20611.960208333334,25,27.0
1430,20612.248877314814,25,27.0
1431,20612.655983796296,25,29.0
1432,20613.169756944444,25,26.0
1433,20614.90857638889,25,27.0
1434,20615.188796296297,25,26.0
1435,20615.764201388887,25,26.0
1436,20616.059479166666,25,27.0
1437,20616.593032407407,25,27.0
1438,20616.699328703704,25,26.0
1439,20617.22127314815,25,27.0
1440,20617.94746527778,25,27.0
1441,20618.278460648147,25,27.0
1442,20618.501585648148,25,26.0
1443,20618.7028125,25,25.0
1444,20618.760590277776,25,26.0
1445,20620.80303240741,25,26.0
1446,20620.870625,25,27.0
1447,20620.943437500002,25,26.0
1448,20620.95758101852,25,28.0
1449,20621.01103009259,25,28.0
1450,20621.08627314815,25,27.0
1451,20621.138229166667,25,27.0
1452,20621.14644675926,25,27.0
1453,20621.20398148148,25,26.0
1454,20621.365601851852,25,27.0
1455,20621.439791666668,25,27.0
1456,20621.631076388887,25,28.0
1457,20621.669444444444,25,26.0
1458,20621.704537037036,25,26.0
1459,20621.96127314815,25,27.0
1460,20622.011608796296,25,27.0
1461,20622.04298611111,25,27.0
1462,20622.11091435185,25,26.0
1463,20622.24716435185,25,26.0
1464,20622.322939814814,25,26.0
1465,20622.558078703703,25,27.0
1466,20622.61082175926,25,27.0
1467,20622.659872685184,25,28.0
1468,20622.72199074074,25,26.0
1469,20622.746840277778,25,26.0
1470,20622.91561342593,25,26.0
1471,20623.118958333333,25,28.0
1472,20623.509861111113,25,28.0
1473,20623.640196759257,25,27.0
1474,20623.71178240741,25,26.0
1475,20623.810775462964,25,26.0
1476,20623.882719907408,25,26.0
1477,20623.985798611113,25,26.0
1478,20624.059131944447,25,27.0
1479,20624.1525,25,27.0
1480,20624.222858796296,25,26.0
1481,20624.292372685184,25,26.0
1482,20624.391064814816,25,26.0
1483,20624.462824074075,25,27.0
1484,20624.56925925926,25,27.0
1485,20624.64193287037,25,27.0
1486,20624.740474537037,25,25.0
1487,20624.824571759258,25,26.0
1488,20624.897407407407,25,26.0
1489,20624.99059027778,25,27.0
1490,20625.021145833332,25,26.0
1491,20632.436435185187,25,25.0
1492,20632.563310185185,25,27.0
1493,20633.268136574075,25,27.0
1494,20633.448414351853,25,25.0
1495,20633.568935185187,25,27.0
1496,20633.64128472222,25,26.0
1497,20633.97423611111,25,28.0
1498,20634.15079861111,25,26.0
1499,20634.310439814817,25,26.0
1500,20634.489502314816,25,27.0
1501,20634.679166666665,25,26.0
1502,20634.94949074074,25,27.0
1503,20635.093402777777,25,28.0
1504,20635.269189814815,25,26.0
1505,20635.460208333334,25,27.0
1506,20635.567256944447,25,27.0
1507,20635.586655092593,25,25.0
1508,20635.71820601852,25,27.0
1509,20636.021608796294,25,26.0
1510,20636.215706018516,25,27.0
1511,20636.58013888889,25,28.0
1512,20636.614675925925,25,27.0
1513,20636.655983796296,25,27.0
1514,20636.697893518518,25,26.0
1515,20636.76167824074,25,25.0
1516,20636.798645833333,25,26.0
1517,20636.84011574074,25,26.0
1518,20636.866296296295,25,26.0
1519,20636.948819444446,25,27.0
1520,20636.988078703704,25,27.0
1521,20637.038576388888,25,
1522,20637.0771875,25,28.0
1523,20637.110104166666,25,27.0
1524,20637.142407407406,25,27.0
1525,20637.287233796294,25,30.0
1526,20637.598715277778,25,
1527,20637.65638888889,25,
1528,20637.70042824074,25,26.0
1529,20637.76298611111,25,26.0
1530,20637.807511574076,25,26.0
1531,20637.87584490741,25,26.0
1532,20637.930150462962,25,27.0
1533,20638.083668981482,25,26.0
1534,20638.629548611112,25,27.0
1535,20638.666574074075,25,28.0
1536,20638.851296296296,25,26.0
1537,20638.91513888889,25,26.0
1538,20639.07184027778,25,26.0
1539,20639.148032407407,25,27.0
1540,20639.28253472222,25,25.0
1541,20639.405868055557,25,26.0
1542,20639.476400462965,25,28.0
1543,20639.569375,25,27.0
1544,20639.6290625,25,27.0
1545,20639.697048611113,25,26.0
1546,20639.740162037036,25,26.0
1547,20639.798032407405,25,27.0
1548,20639.862291666668,25,25.0
1549,20639.934814814816,25,27.0
1550,20640.032766203705,25,27.0
1551,20640.090069444446,25,27.0
1552,20640.154953703703,25,27.0
1553,20640.23047453704,25,26.0
1554,20640.297256944443,25,26.0
1555,20640.374305555557,25,26.0
1556,20640.438275462962,25,26.0
1557,20640.526539351853,25,27.0
1558,20640.588657407407,25,26.0
1559,20640.64898148148,25,26.0
1560,20640.711550925927,25,26.0
1561,20640.828310185185,25,27.0
1562,20641.012094907408,25,26.0
1563,20641.098622685186,25,25.0
1564,20641.193993055556,25,26.0
1565,20641.397199074072,25,26.0
1566,20641.50695601852,25,27.0
1567,20641.843425925927,25,26.0
1568,20642.018182870368,25,26.0
1569,20642.231643518517,25,26.0
1570,20642.27337962963,25,26.0
1571,20642.787685185187,25,26.0
1572,20642.993993055556,25,28.0
1573,20643.124594907407,25,27.0
1574,20643.623148148148,25,27.0
1575,20643.86548611111,25,26.0
1576,20644.121238425927,25,26.0
1577,20644.187002314815,25,26.0
1578,20644.33304398148,25,26.0
1579,20644.888900462964,25,26.0
1580,20645.063067129628,25,27.0
1581,20645.2371875,25,27.0
1582,20645.686979166665,25,27.0
1583,20645.938900462963,25,27.0
1584,20646.134108796297,25,27.0
1585,20646.21545138889,25,27.0
1586,20646.837118055555,25,29.0
1587,20647.937430555558,25,28.0
1588,20648.14693287037,25,29.0
1589,20648.320127314815,25,27.0
1590,20648.65434027778,25,27.0
1591,20649.07797453704,25,27.0
1592,20649.132245370372,25,27.0
1593,20649.68553240741,25,27.0
1594,20649.857789351852,25,27.0
1595,20649.910405092593,25,27.0
1596,20650.00252314815,25,27.0
1597,20650.40542824074,25,28.0
1598,20650.710474537038,25,27.0
1599,20650.7552662037,25,28.0
1600,20650.81533564815,25,28.0
1601,20650.842719907407,25,27.0
1602,20650.881932870372,25,27.0
1603,20650.95059027778,25,27.0
1604,20650.991041666664,25,27.0
1605,20651.020648148147,25,26.0
1606,20651.061261574072,25,28.0
1607,20651.093136574073,25,26.0
1608,20651.155069444445,25,27.0
1609,20651.254016203704,25,29.0
1610,20651.315416666668,25,27.0
1611,20651.34605324074,25,26.0
1612,20651.41744212963,25,27.0
1613,20651.451354166667,25,28.0
1614,20651.770613425924,25,29.0
1615,20651.83144675926,25,28.0
1616,20651.96704861111,25,26.0
1617,20652.086493055554,25,26.0
1618,20652.157824074075,25,27.0
1619,20652.19494212963,25,27.0
1620,20652.251099537036,25,27.0
1621,20652.40664351852,25,28.0
1622,20652.461666666666,25,27.0
1623,20652.542118055553,25,27.0
1624,20652.586030092592,25,26.0
1625,20652.6359375,25,27.0
1626,20652.699814814816,25,27.0
1627,20652.798344907405,25,27.0
1628,20652.85792824074,25,27.0
1629,20652.90954861111,25,30.0
1630,20652.96890046296,25,26.0
1631,20653.01241898148,25,26.0
1632,20653.057245370368,25,42.0
1633,20653.38105324074,25,27.0
1634,20653.926689814816,25,27.0
1635,20654.05798611111,25,27.0
1636,20655.42813657407,25,26.0
1637,20655.567858796294,25,26.0
1638,20655.697881944445,25,27.0
1639,20655.73883101852,25,26.0
1640,20655.821874999998,25,26.0
1641,20655.886886574073,25,26.0
1642,20656.021863425925,25,27.0
1643,20656.137534722224,25,26.0
1644,20656.320092592592,25,27.0
1645,20656.348159722223,25,25.0
1646,20656.81409722222,25,26.0
1647,20656.8984375,25,26.0
1648,20656.959155092594,25,27.0
1649,20656.965613425924,25,26.0
1650,20657.028449074074,25,26.0
1651,20657.11028935185,25,27.0
1652,20657.24439814815,25,26.0
1653,20657.357256944444,25,26.0
1654,20657.467662037037,25,26.0
1655,20657.49283564815,25,27.0
1656,20657.543229166666,25,25.0
1657,20657.617280092592,25,26.0
1658,20657.700243055555,25,26.0
1659,20657.785497685185,25,26.0
1660,20657.813368055555,25,28.0
1661,20657.83269675926,25,26.0
1662,20657.84866898148,25,27.0
1663,20657.881412037037,25,26.0
1664,20657.918368055554,25,26.0
1665,20657.948877314815,25,26.0
1666,20657.966805555556,25,27.0
1667,20657.983761574073,25,26.0
1668,20658.05082175926,25,26.0
1669,20658.081469907407,25,29.0
1670,20658.084375000002,25,26.0
1671,20658.116631944446,25,26.0
1672,20658.14846064815,25,26.0
1673,20658.176909722224,25,27.0
1674,20658.203333333335,25,27.0
1675,20658.204282407405,25,27.0
1676,20658.298506944444,25,26.0
1677,20658.348738425924,25,27.0
1678,20658.349849537037,25,26.0
1679,20658.39912037037,25,26.0
1680,20658.494988425926,25,26.0
1681,20658.543136574073,25,26.0
1682,20658.591828703702,25,26.0
1683,20658.5965625,25,26.0
1684,20658.638877314814,25,25.0
1685,20658.688981481482,25,27.0
1686,20658.735277777778,25,27.0
1687,20658.76855324074,25,25.0
1688,20658.78486111111,25,26.0
1689,20658.841550925925,25,26.0
1690,20658.87277777778,25,27.0
1691,20658.939814814814,25,26.0
1692,20659.094108796296,25,26.0
1693,20659.308842592593,25,26.0
1694,20659.33832175926,25,27.0
1695,20659.451458333333,25,26.0
1696,20659.481863425925,25,27.0
1697,20659.60716435185,25,25.0
1698,20659.712430555555,25,27.0
1699,20659.941597222223,25,26.0
1700,20660.001608796298,25,26.0
1701,20660.158043981482,25,26.0
1702,20660.4659375,25,27.0
1703,20660.70869212963,25,26.0
1704,20660.910266203704,25,26.0
1705,20660.93449074074,25,27.0
1706,20661.064537037037,25,26.0
1707,20661.148657407408,25,27.0
1708,20661.221793981484,25,27.0
1709,20661.286724537036,25,25.0
1710,20661.376516203705,25,25.0
1711,20661.514849537038,25,26.0
1712,20661.576875,25,27.0
1713,20661.648182870373,25,26.0
1714,20661.65318287037,25,26.0
1715,20661.721041666668,25,26.0
1716,20661.769282407407,25,26.0
1717,20661.800428240742,25,26.0
1718,20661.827858796296,25,26.0
1719,20662.070196759258,25,27.0
1720,20662.167326388888,25,26.0
1721,20662.25832175926,25,26.0
1722,20662.364467592593,25,25.0
1723,20662.483344907407,25,25.0
1724,20662.641840277778,25,25.0
1725,20662.714467592592,25,26.0
1726,20662.841261574074,25,25.0
1727,20662.95635416667,25,26.0
1728,20663.02090277778,25,26.0
1729,20663.15846064815,25,25.0
1730,20663.266817129628,25,26.0
1731,20663.328715277778,25,26.0
1732,20663.45803240741,25,26.0
1733,20663.543842592593,25,26.0
1734,20663.611863425926,25,26.0
1735,20663.715810185186,25,25.0
1736,20663.815810185184,25,25.0
1737,20663.931851851852,25,26.0
1738,20663.937708333335,25,26.0
1739,20664.030046296295,25,26.0
1740,20664.100497685187,25,26.0
1741,20664.22394675926,25,25.0
1742,20664.319201388887,25,25.0
1743,20664.404826388887,25,25.0
1744,20664.50726851852,25,26.0
1745,20664.558460648146,25,26.0
1746,20664.647847222222,25,25.0
1747,20664.699953703705,25,25.0
1748,20664.75820601852,25,25.0
1749,20664.952233796295,25,26.0
1750,20665.03722222222,25,25.0
1751,20665.140416666665,25,26.0
1752,20665.242754629628,25,25.0
1753,20665.34826388889,25,25.0
1754,20665.462939814814,25,26.0
1755,20665.570439814815,25,26.0
1756,20665.672222222223,25,25.0
1757,20666.189837962964,25,25.0
1758,20666.28939814815,25,25.0
1759,20666.387094907408,25,25.0
1760,20666.48832175926,25,25.0
1761,20666.585694444442,25,26.0
1762,20666.68228009259,25,26.0
1763,20666.77837962963,25,25.0
1764,20666.874224537038,25,26.0
1765,20666.97158564815,25,26.0
1766,20667.0615625,25,26.0
1767,20667.143738425926,25,26.0
1768,20667.224814814814,25,25.0
1769,20667.2884375,25,26.0
1770,20667.335,25,25.0
1771,20667.379108796296,25,25.0
1772,20667.42082175926,25,27.0
1773,20667.464340277777,25,26.0
1774,20669.030775462965,25,27.0
1775,20669.065891203703,25,28.0
1776,20669.155717592592,25,27.0
1777,20669.24511574074,25,27.0
1778,20669.270752314816,25,27.0
1779,20669.309085648147,25,28.0
1780,20669.371608796297,25,27.0
1781,20669.46783564815,25,27.0
1782,20669.556030092594,25,28.0
1783,20669.74664351852,25,26.0
1784,20669.823645833334,25,28.0
1785,20669.905532407407,25,28.0
1786,20669.970671296298,25,28.0
1787,20670.056550925925,25,27.0
1788,20670.111516203706,25,27.0
1789,20670.15332175926,25,25.0
1790,20670.20119212963,25,27.0
1791,20670.240451388887,25,27.0
1792,20670.372152777778,25,26.0
1793,20670.48099537037,25,28.0
1794,20670.59207175926,25,28.0
1795,20670.709039351852,25,27.0
1796,20670.74638888889,25,27.0
1797,20670.78054398148,25,27.0
1798,20670.8275,25,26.0
1799,20670.871064814815,25,26.0
1800,20670.919444444444,25,27.0
1801,20670.966400462963,25,29.0
1802,20671.03315972222,25,29.0
1803,20671.282743055555,25,26.0
1804,20671.3590625,25,26.0
1805,20671.42204861111,25,27.0
1806,20671.48431712963,25,27.0
1807,20671.533831018518,25,29.0
1808,20672.300277777777,25,26.0
1809,20672.482627314814,25,27.0
1810,20672.660798611112,25,27.0
1811,20672.844212962962,25,26.0
1812,20672.999953703704,25,27.0
1813,20673.147118055556,25,29.0
1814,20673.20378472222,25,26.0
1815,20673.287962962964,25,27.0
1816,20673.35284722222,25,27.0
1817,20673.395497685186,25,25.0
1818,20673.400844907406,25,25.0
1819,20673.43957175926,25,28.0
1820,20673.47878472222,25,28.0
1821,20673.51556712963,25,29.0
1822,20673.567893518517,25,27.0
1823,20673.65878472222,25,27.0
1824,20673.74931712963,25,27.0
1825,20673.856087962962,25,25.0
1826,20673.985092592593,25,29.0
1827,20674.145706018517,25,25.0
1828,20674.186944444446,25,28.0
1829,20674.341643518517,25,26.0
1830,20674.528472222224,25,25.0
1831,20674.59204861111,25,27.0
1832,20674.660358796296,25,28.0
1833,20674.673252314813,25,27.0
1834,20674.718796296296,25,26.0
1835,20674.923032407405,25,30.0
1836,20674.991921296296,25,26.0
1837,20675.06210648148,25,27.0
1838,20675.185405092594,25,26.0
1839,20675.206921296296,25,26.0
1840,20675.24394675926,25,26.0
1841,20675.303078703702,25,27.0
1842,20675.33664351852,25,26.0
1843,20675.395625,25,26.0
1844,20675.468761574073,25,27.0
1845,20675.570069444442,25,25.0
1846,20675.586655092593,25,26.0
1847,20675.686307870372,25,27.0
1848,20675.73634259259,25,26.0
1849,20675.753645833334,25,27.0
1850,20675.86165509259,25,26.0
1851,20676.004166666666,25,25.0
1852,20676.012916666667,25,26.0
1853,20676.07652777778,25,28.0
1854,20676.143599537038,25,27.0
1855,20676.253645833334,25,27.0
1856,20676.30476851852,25,26.0
1857,20676.36449074074,25,27.0
1858,20676.47821759259,25,27.0
1859,20676.56074074074,25,26.0
1860,20676.803055555556,25,25.0
1861,20676.844386574074,25,26.0
1862,20676.990925925926,25,27.0
1863,20677.028819444444,25,26.0
1864,20677.060381944444,25,26.0
1865,20677.13986111111,25,25.0
1866,20677.19497685185,25,26.0
1867,20677.25159722222,25,26.0
1868,20677.455497685183,25,27.0
1869,20677.515057870372,25,25.0
1870,20677.593564814815,25,26.0
1871,20677.656087962965,25,26.0
1872,20677.67273148148,25,26.0
1873,20677.855729166666,25,
1874,20677.95059027778,25,27.0
1875,20678.050358796296,25,28.0
1876,20678.11425925926,25,28.0
1877,20678.170127314814,25,26.0
1878,20678.401689814815,25,26.0
1879,20678.45931712963,25,27.0
1880,20678.57318287037,25,27.0
1881,20678.6821875,25,26.0
1882,20678.861412037037,25,26.0
1883,20678.919085648147,25,27.0
1884,20678.992986111112,25,26.0
1885,20679.074618055554,25,26.0
1886,20679.127731481483,25,26.0
1887,20679.15908564815,25,26.0
1888,20679.238935185185,25,26.0
1889,20679.26921296296,25,26.0
1890,20679.30957175926,25,26.0
1891,20679.409270833334,25,26.0
1892,20679.49533564815,25,25.0
1893,20679.607916666668,25,25.0
1894,20679.712812499998,25,26.0
1895,20679.815543981484,25,25.0
1896,20679.842881944445,25,26.0
1897,20679.95283564815,25,26.0
1898,20679.980625,25,27.0
1899,20680.04142361111,25,25.0
1900,20680.091689814817,25,26.0
1901,20680.10835648148,25,26.0
1902,20680.18619212963,25,27.0
1903,20680.22087962963,25,26.0
1904,20680.244537037037,25,27.0
1905,20680.340648148147,25,25.0
1906,20680.35625,25,28.0
1907,20680.39195601852,25,26.0
1908,20680.452997685185,25,26.0
1909,20680.511273148146,25,27.0
1910,20680.571805555555,25,26.0
1911,20680.588229166668,25,27.0
1912,20680.634189814813,25,27.0
1913,20680.697777777776,25,26.0
1914,20680.754398148147,25,27.0
1915,20680.760208333333,25,26.0
1916,20680.98142361111,25,27.0
1917,20680.99677083333,25,26.0
1918,20681.06241898148,25,26.0
1919,20681.149421296297,25,27.0
1920,20681.206574074076,25,27.0
1921,20681.23078703704,25,26.0
1922,20681.313981481482,25,25.0
1923,20681.396747685187,25,25.0
1924,20681.440810185184,25,27.0
1925,20681.4803125,25,27.0
1926,20681.56158564815,25,27.0
1927,20681.566851851854,25,26.0
1928,20681.645266203705,25,26.0
1929,20681.733993055557,25,26.0
1930,20681.812337962965,25,26.0
1931,20681.896331018517,25,26.0
1932,20681.977708333336,25,26.0
1933,20682.250243055558,25,26.0
1934,20682.330682870368,25,26.0
1935,20682.395659722224,25,26.0
1936,20682.62193287037,25,26.0
1937,20682.709479166668,25,26.0
1938,20682.737476851853,25,26.0
1939,20682.92587962963,25,26.0
1940,20683.17550925926,25,26.0
1941,20683.447881944445,25,26.0
1942,20683.695474537035,25,26.0
1943,20683.92417824074,25,26.0
1944,20684.02060185185,25,31.0
1945,20684.197395833333,25,26.0
1946,20684.498576388887,25,32.0
1947,20684.53369212963,25,26.0
1948,20684.770717592593,25,27.0
1949,20684.801689814816,25,26.0
1950,20685.081041666668,25,25.0
1951,20685.31778935185,25,27.0
1952,20685.414328703704,25,26.0
1953,20685.71866898148,25,28.0
1954,20685.913287037038,25,26.0
1955,20686.044953703702,25,25.0
1956,20686.415358796297,25,26.0
1957,20686.484988425927,25,27.0
1958,20686.694560185188,25,25.0
1959,20686.710717592592,25,26.0
1960,20686.836423611112,25,27.0
1961,20686.95221064815,25,26.0
1962,20686.99011574074,25,27.0
1963,20687.140520833334,25,26.0
1964,20687.267581018517,25,25.0
1965,20687.375486111112,25,25.0
1966,20687.509085648147,25,26.0
1967,20687.610439814813,25,26.0
1968,20687.813645833336,25,27.0
1969,20687.877106481483,25,28.0
1970,20687.928819444445,25,26.0
1971,20687.984837962962,25,26.0
1972,20688.036145833332,25,26.0
1973,20688.07818287037,25,25.0
1974,20688.08113425926,25,26.0
1975,20688.124618055557,25,26.0
1976,20688.427592592594,25,26.0
1977,20688.716400462963,25,27.0
1978,20688.78542824074,25,28.0
1979,20688.94980324074,25,26.0
1980,20688.98230324074,25,26.0
1981,20689.033807870368,25,27.0
1982,20689.093182870372,25,27.0
1983,20689.151261574076,25,26.0
1984,20689.288171296295,25,26.0
1985,20689.37303240741,25,43.0
1986,20689.5228125,25,26.0
1987,20689.609479166666,25,26.0
1988,20689.649074074074,25,26.0
1989,20689.82744212963,25,28.0
1990,20689.85116898148,25,25.0
1991,20689.91175925926,25,26.0
1992,20690.049675925926,25,26.0
1993,20690.10445601852,25,26.0
1994,20690.14679398148,25,25.0
1995,20690.205393518518,25,26.0
1996,20690.266666666666,25,27.0
1997,20690.33371527778,25,26.0
1998,20690.358819444446,25,26.0
1999,20690.382881944442,25,26.0
2000,20690.50484953704,25,26.0
2001,20690.548993055556,25,26.0
2002,20690.60607638889,25,25.0
2003,20690.69072916667,25,26.0
2004,20690.74704861111,25,27.0
2005,20690.77372685185,25,27.0
2006,20690.82736111111,25,26.0
2007,20690.87,25,27.0
2008,20690.896585648148,25,26.0
2009,20690.966631944444,25,26.0
2010,20691.025833333333,25,25.0
2011,20691.076979166664,25,26.0
2012,20691.187372685185,25,26.0
2013,20691.342951388888,25,26.0
2014,20691.46494212963,25,26.0
2015,20691.547743055555,25,26.0
2016,20691.598506944447,25,25.0
2017,20691.777233796296,25,28.0
2018,20691.885752314814,25,26.0
2019,20691.934097222223,25,26.0
2020,20692.042997685185,25,26.0
2021,20692.20157407407,25,26.0
2022,20692.33380787037,25,27.0
2023,20692.419814814817,25,26.0
2024,20692.668935185186,25,26.0
2025,20692.775289351852,25,26.0
2026,20692.92021990741,25,26.0
2027,20693.04165509259,25,28.0
2028,20693.08300925926,25,26.0
2029,20693.12994212963,25,26.0
2030,20693.187592592592,25,27.0
2031,20693.20111111111,25,26.0
2032,20693.24914351852,25,26.0
2033,20693.300902777777,25,27.0
2034,20693.343958333335,25,27.0
2035,20693.36386574074,25,26.0
2036,20693.384768518517,25,26.0
2037,20693.479074074075,25,26.0
2038,20693.557847222222,25,27.0
2039,20693.63335648148,25,25.0
2040,20693.69921296296,25,27.0
2041,20693.772002314814,25,26.0
2042,20693.871157407408,25,26.0
2043,20693.947997685184,25,26.0
2044,20694.05313657407,25,26.0
2045,20694.111643518518,25,26.0
2046,20694.12537037037,25,27.0
2047,20694.198842592592,25,26.0
2048,20694.24577546296,25,27.0
2049,20694.295011574075,25,26.0
2050,20694.31431712963,25,26.0
2051,20694.374328703703,25,26.0
2052,20694.42369212963,25,26.0
2053,20694.472905092593,25,28.0
2054,20694.61689814815,25,26.0
2055,20694.97474537037,25,26.0
2056,20695.535405092593,25,26.0
2057,20696.024791666667,25,26.0
2058,20696.333113425924,25,26.0
2059,20696.597789351854,25,26.0
2060,20696.60185185185,25,26.0
2061,20696.87568287037,25,26.0
2062,20697.141319444443,25,25.0
2063,20697.175011574076,25,27.0
2064,20697.30011574074,25,26.0
2065,20697.45605324074,25,25.0
2066,20697.58753472222,25,25.0
2067,20697.756180555556,25,25.0
2068,20697.885844907407,25,25.0
2069,20697.95503472222,25,25.0
2070,20698.019699074073,25,26.0
2071,20698.064699074075,25,25.0
2072,20698.13640046296,25,25.0
2073,20698.242928240743,25,25.0
2074,20698.31834490741,25,27.0
2075,20698.319849537038,25,25.0
2076,20698.446979166667,25,26.0
2077,20698.5208912037,25,26.0
2078,20698.598217592593,25,26.0
2079,20698.624837962965,25,26.0
2080,20698.711192129627,25,28.0
2081,20698.787210648148,25,26.0
2082,20698.868090277778,25,27.0
2083,20698.888796296294,25,26.0
2084,20698.966319444444,25,29.0
2085,20699.102453703705,25,28.0
2086,20699.17886574074,25,26.0
2087,20699.187511574073,25,27.0
2088,20699.256851851853,25,26.0
2089,20699.360868055555,25,26.0
2090,20699.395555555555,25,26.0
2091,20699.56997685185,25,27.0
2092,20699.83443287037,25,26.0
2093,20700.118877314813,25,26.0
2094,20700.710381944446,25,26.0
2095,20700.730092592592,25,26.0
2096,20700.96908564815,25,26.0
2097,20701.534953703704,25,26.0
2098,20701.813564814813,25,27.0
2099,20703.250960648147,25,26.0
2100,20703.528055555555,25,26.0
2101,20704.064456018517,25,27.0
2102,20704.680729166666,25,27.0
2103,20704.978344907406,25,25.0
2104,20705.511516203704,25,26.0
2105,20705.817395833332,25,27.0
2106,20708.0853125,25,27.0
2107,20708.36134259259,25,27.0
2108,20708.577824074073,25,27.0
2109,20708.741620370372,25,25.0
2110,20708.938587962963,25,26.0
2111,20709.21300925926,25,28.0
2112,20709.504502314816,25,27.0
2113,20709.611840277776,25,26.0
2114,20709.701250000002,25,28.0
2115,20709.782858796298,25,26.0
2116,20709.820729166666,25,26.0
2117,20710.059733796297,25,27.0
2118,20710.329386574074,25,26.0
2119,20710.381319444445,25,26.0
2120,20710.475104166668,25,26.0
2121,20710.63263888889,25,26.0
2122,20710.66116898148,25,26.0
2123,20710.661956018517,25,28.0
2124,20710.665405092594,25,26.0
2125,20710.690520833334,25,26.0
2126,20710.715381944447,25,26.0
2127,20710.733634259257,25,27.0
2128,20710.74672453704,25,27.0
2129,20710.75443287037,25,26.0
2130,20710.784780092592,25,26.0
2131,20710.805578703705,25,26.0
2132,20710.841493055555,25,26.0
2133,20710.855972222223,25,26.0
2134,20710.872523148148,25,26.0
2135,20710.888703703702,25,28.0
2136,20710.9059375,25,26.0
2137,20710.913020833334,25,28.0
2138,20710.92425925926,25,27.0
2139,20710.942800925925,25,26.0
2140,20710.960243055557,25,27.0
2141,20710.97465277778,25,27.0
2142,20710.98696759259,25,27.0
2143,20711.005069444444,25,27.0
2144,20711.019884259258,25,27.0
2145,20711.020335648147,25,27.0
2146,20711.04486111111,25,27.0
2147,20711.05628472222,25,27.0
2148,20711.0803587963,25,26.0
2149,20711.09559027778,25,26.0
2150,20711.114444444444,25,42.0
2151,20711.134155092594,25,26.0
2152,20711.155520833334,25,26.0
2153,20711.176898148147,25,26.0
2154,20711.19662037037,25,26.0
2155,20711.211053240742,25,26.0
2156,20711.224513888887,25,26.0
2157,20711.242372685185,25,28.0
2158,20711.245300925926,25,26.0
2159,20711.27023148148,25,26.0
2160,20711.30513888889,25,28.0
2161,20711.314907407406,25,26.0
2162,20711.33784722222,25,26.0
2163,20711.368136574074,25,27.0
2164,20711.405671296296,25,26.0
2165,20711.439363425925,25,26.0
2166,20711.452083333334,25,28.0
2167,20711.474444444444,25,27.0
2168,20711.493460648147,25,26.0
2169,20711.515972222223,25,26.0
2170,20711.540555555555,25,27.0
2171,20711.557476851853,25,26.0
2172,20711.573773148146,25,27.0
2173,20711.583136574074,25,27.0
2174,20711.647372685187,25,29.0
2175,20711.670613425926,25,26.0
2176,20711.703819444443,25,26.0
2177,20711.74409722222,25,25.0
2178,20711.77184027778,25,27.0
2179,20711.78712962963,25,27.0
2180,20711.84261574074,25,26.0
2181,20711.883715277778,25,26.0
2182,20711.897511574072,25,25.0
2183,20711.914050925927,25,28.0
2184,20711.92189814815,25,27.0
2185,20711.959074074075,25,26.0
2186,20712.002291666668,25,27.0
2187,20712.03488425926,25,26.0
2188,20712.052291666667,25,26.0
2189,20712.066886574074,25,26.0
2190,20712.08148148148,25,26.0
2191,20712.100324074072,25,26.0
2192,20712.124872685185,25,27.0
2193,20712.148912037035,25,28.0
2194,20712.155474537038,25,26.0
2195,20712.19925925926,25,26.0
2196,20712.24809027778,25,27.0
2197,20712.297071759258,25,26.0
2198,20712.303194444445,25,26.0
2199,20712.355358796296,25,26.0
2200,20712.399398148147,25,27.0
2201,20712.66980324074,25,26.0
2202,20712.81347222222,25,26.0
2203,20712.86028935185,25,27.0
2204,20712.873796296295,25,26.0
2205,20713.086736111112,25,27.0
2206,20713.11396990741,25,26.0
2207,20713.136631944446,25,26.0
2208,20713.341168981482,25,25.0
2209,20713.375358796296,25,27.0
2210,20713.433078703703,25,27.0
2211,20713.638159722224,25,27.0
2212,20713.802083333332,25,27.0
2213,20713.825243055555,25,27.0
2214,20713.972060185184,25,38.0
2215,20713.98403935185,25,27.0
2216,20713.998206018518,25,27.0
2217,20714.015243055557,25,26.0
2218,20714.040324074074,25,27.0
2219,20714.063761574074,25,26.0
2220,20714.087627314813,25,26.0
2221,20714.13917824074,25,27.0
2222,20714.172407407408,25,26.0
2223,20714.198425925926,25,28.0
2224,20714.232106481482,25,26.0
2225,20714.25283564815,25,26.0
2226,20714.253564814815,25,27.0
2227,20714.266400462962,25,26.0
2228,20714.280763888888,25,26.0
2229,20714.301215277777,25,26.0
2230,20714.32190972222,25,26.0
2231,20714.339641203704,25,26.0
2232,20714.35340277778,25,26.0
2233,20714.366319444445,25,26.0
2234,20714.561122685187,25,25.0
2235,20714.72787037037,25,25.0
2236,20714.731770833332,25,26.0
2237,20714.913113425926,25,27.0
2238,20715.168460648147,25,25.0
2239,20715.18814814815,25,25.0
2240,20715.471597222222,25,26.0
2241,20715.529930555556,25,26.0
2242,20715.743449074074,25,25.0
2243,20715.83607638889,25,26.0
2244,20715.877106481483,25,25.0
2245,20715.895590277778,25,26.0
2246,20715.920208333333,25,26.0
2247,20715.941909722223,25,26.0
2248,20715.94667824074,25,26.0
2249,20715.963587962964,25,26.0
2250,20715.977719907405,25,26.0
2251,20715.981574074074,25,26.0
2252,20715.99976851852,25,26.0
2253,20716.02136574074,25,27.0
2254,20716.03923611111,25,26.0
2255,20716.057349537037,25,27.0
2256,20716.080300925925,25,27.0
2257,20716.094525462962,25,26.0
2258,20716.11972222222,25,27.0
2259,20716.140277777777,25,26.0
2260,20716.16670138889,25,26.0
2261,20716.193958333333,25,26.0
2262,20716.211736111112,25,26.0
2263,20716.21520833333,25,26.0
2264,20716.229050925926,25,26.0
2265,20716.24954861111,25,26.0
2266,20716.29670138889,25,26.0
2267,20716.308414351854,25,26.0
2268,20716.32707175926,25,26.0
2269,20716.34755787037,25,26.0
2270,20716.366805555557,25,26.0
2271,20716.388171296294,25,26.0
2272,20716.405081018518,25,26.0
2273,20716.43664351852,25,25.0
2274,20716.511539351854,25,26.0
2275,20716.819745370372,25,26.0
2276,20716.831261574076,25,26.0
2277,20716.843865740742,25,26.0
2278,20716.868749999998,25,26.0
2279,20716.886909722223,25,26.0
2280,20716.90559027778,25,26.0
2281,20716.93357638889,25,26.0
2282,20716.94912037037,25,26.0
2283,20716.96814814815,25,26.0
2284,20716.995868055554,25,26.0
2285,20717.01179398148,25,27.0
2286,20717.033854166668,25,26.0
2287,20717.069247685187,25,26.0
2288,20717.084560185187,25,26.0
2289,20717.105625,25,26.0
2290,20717.12761574074,25,26.0
2291,20717.14908564815,25,27.0
2292,20717.170185185187,25,26.0
2293,20717.193043981482,25,26.0
2294,20717.208761574075,25,27.0
2295,20717.22986111111,25,26.0
2296,20717.256643518518,25,27.0
2297,20717.26638888889,25,25.0
2298,20717.27675925926,25,26.0
2299,20717.30025462963,25,26.0
2300,20717.316238425927,25,27.0
2301,20717.33759259259,25,26.0
2302,20717.35722222222,25,26.0
2303,20717.383483796297,25,26.0
2304,20717.395810185186,25,26.0
2305,20717.41309027778,25,27.0
2306,20717.413287037038,25,27.0
2307,20717.437939814816,25,26.0
2308,20717.461180555558,25,26.0
2309,20717.518125,25,27.0
2310,20718.16346064815,25,27.0
2311,20718.216400462963,25,27.0
2312,20718.216805555556,25,26.0
2313,20718.26502314815,25,26.0
2314,20718.30986111111,25,26.0
2315,20718.355289351854,25,26.0
2316,20718.41792824074,25,26.0
2317,20718.484930555554,25,27.0
2318,20718.501585648148,25,26.0
2319,20718.522337962964,25,27.0
2320,20718.55929398148,25,27.0
2321,20718.57068287037,25,26.0
2322,20718.584525462964,25,27.0
2323,20718.602175925927,25,26.0
2324,20718.605960648147,25,27.0
2325,20718.61196759259,25,26.0
2326,20718.617546296296,25,27.0
2327,20718.669224537036,25,26.0
2328,20718.680868055555,25,26.0
2329,20718.69533564815,25,26.0
2330,20718.711412037035,25,26.0
2331,20718.725104166668,25,26.0
2332,20718.873252314814,25,25.0
2333,20718.885324074075,25,29.0
2334,20719.140694444442,25,27.0
2335,20719.408680555556,25,25.0
2336,20719.471805555553,25,27.0
2337,20719.484490740742,25,27.0
2338,20719.509050925928,25,27.0
2339,20719.5334837963,25,27.0
2340,20719.55925925926,25,26.0
2341,20719.584201388887,25,27.0
2342,20719.600439814814,25,27.0
2343,20719.618125,25,25.0
2344,20719.671921296296,25,25.0
2345,20719.67284722222,25,26.0
2346,20719.76292824074,25,27.0
2347,20719.773622685185,25,26.0
2348,20719.788113425926,25,26.0
2349,20719.80474537037,25,26.0
2350,20719.82528935185,25,27.0
2351,20719.848541666666,25,25.0
2352,20719.870694444446,25,27.0
2353,20719.897650462965,25,26.0
2354,20719.91167824074,25,26.0
2355,20719.92351851852,25,26.0
2356,20719.93204861111,25,26.0
2357,20719.954050925928,25,26.0
2358,20719.97233796296,25,27.0
2359,20719.993761574075,25,27.0
2360,20720.010289351852,25,26.0
2361,20720.025474537037,25,26.0
2362,20720.043842592593,25,26.0
2363,20720.05798611111,25,26.0
2364,20720.07369212963,25,27.0
2365,20720.090104166666,25,27.0
2366,20720.10837962963,25,26.0
2367,20720.12829861111,25,27.0
2368,20720.146631944444,25,26.0
2369,20720.164328703704,25,26.0
2370,20720.18358796296,25,26.0
2371,20720.194421296295,25,26.0
2372,20720.208020833332,25,26.0
2373,20720.221539351853,25,26.0
2374,20720.222569444446,25,27.0
2375,20720.247893518517,25,26.0
2376,20720.26425925926,25,26.0
2377,20720.280243055557,25,26.0
2378,20720.295949074072,25,26.0
2379,20720.30854166667,25,26.0
2380,20720.321631944444,25,26.0
2381,20720.33596064815,25,25.0
2382,20720.36144675926,25,26.0
2383,20720.39122685185,25,26.0
2384,20720.423252314813,25,27.0
2385,20720.472766203704,25,27.0
2386,20720.48361111111,25,26.0
2387,20720.49608796296,25,27.0
2388,20720.510104166668,25,26.0
2389,20720.527800925924,25,26.0
2390,20720.544814814817,25,26.0
2391,20720.56011574074,25,26.0
2392,20720.574097222223,25,27.0
2393,20720.58701388889,25,27.0
2394,20720.610856481482,25,27.0
2395,20721.192465277778,25,26.0
2396,20722.030243055557,25,27.0
2397,20723.276469907407,25,30.0
2398,20723.76056712963,25,25.0
2399,20728.519444444446,25,26.0
2400,20728.522326388887,25,27.0
2401,20728.543483796297,25,25.0
2402,20728.556099537036,25,27.0
2403,20728.834837962964,25,25.0
2404,20729.197476851852,25,26.0
2405,20729.271689814814,25,26.0
2406,20729.313854166667,25,25.0
2407,20729.345,25,27.0
2408,20729.417175925926,25,26.0
2409,20729.847280092592,25,27.0
2410,20729.927060185186,25,27.0
2411,20730.01076388889,25,27.0
2412,20730.08488425926,25,28.0
2413,20730.25675925926,25,27.0
2414,20730.327222222222,25,28.0
2415,20730.402905092593,25,28.0
2416,20730.48369212963,25,28.0
2417,20730.555567129628,25,28.0
2418,20730.64190972222,25,27.0
2419,20730.715243055554,25,27.0
2420,20730.786504629632,25,27.0
2421,20730.900555555556,25,26.0
2422,20730.971805555553,25,27.0
2423,20731.043715277778,25,30.0
2424,20731.083668981482,25,25.0
2425,20731.452175925926,25,27.0
2426,20731.537326388887,25,28.0
2427,20731.61228009259,25,28.0
2428,20732.148622685185,25,28.0
2429,20732.22207175926,25,27.0
2430,20732.295138888887,25,27.0
2431,20732.381006944444,25,26.0
2432,20732.45601851852,25,26.0
2433,20732.722627314815,25,27.0
2434,20732.790277777778,25,28.0
2435,20732.84008101852,25,25.0
2436,20732.951863425926,25,27.0
2437,20733.022604166665,25,26.0
2438,20733.099930555556,25,27.0
2439,20733.17315972222,25,26.0
2440,20733.247511574074,25,26.0
2441,20733.31525462963,25,26.0
2442,20733.45596064815,25,28.0
2443,20733.754872685186,25,27.0
2444,20733.838935185184,25,29.0
2445,20733.929594907408,25,28.0
2446,20735.628819444446,25,26.0
2447,20735.91429398148,25,26.0
2448,20736.061307870372,25,26.0
2449,20736.137094907408,25,27.0
2450,20736.20965277778,25,27.0
2451,20736.277488425927,25,26.0
2452,20736.309375,25,27.0
2453,20736.348900462963,25,26.0
2454,20736.41670138889,25,25.0
2455,20736.591145833332,25,27.0
2456,20736.65847222222,25,27.0
2457,20736.759861111113,25,27.0
2458,20736.815162037037,25,27.0
2459,20736.86721064815,25,27.0
2460,20736.936967592592,25,27.0
2461,20737.00431712963,25,27.0
2462,20737.07449074074,25,28.0
2463,20737.21516203704,25,26.0
2464,20737.28997685185,25,26.0
2465,20737.436284722222,25,29.0
2466,20737.50486111111,25,28.0
2467,20737.5425,25,27.0
2468,20737.576006944444,25,29.0
2469,20737.6744212963,25,26.0
2470,20737.702453703703,25,26.0
2471,20737.728171296298,25,27.0
2472,20737.734409722223,25,26.0
2473,20737.768599537038,25,26.0
2474,20737.80398148148,25,26.0
2475,20737.837881944444,25,27.0
2476,20737.87400462963,25,27.0
2477,20737.9109375,25,27.0
2478,20737.940324074076,25,26.0
2479,20737.944571759257,25,27.0
2480,20737.98222222222,25,28.0
2481,20738.019039351853,25,29.0
2482,20738.052835648148,25,27.0
2483,20738.113368055554,25,28.0
2484,20738.168391203704,25,27.0
2485,20738.221689814814,25,26.0
2486,20738.286724537036,25,26.0
2487,20738.292847222223,25,26.0
2488,20738.384282407405,25,26.0
2489,20738.445717592593,25,29.0
2490,20738.513229166667,25,28.0
2491,20738.552638888887,25,27.0
2492,20738.617488425927,25,28.0
2493,20738.656493055558,25,27.0
2494,20738.696944444444,25,25.0
2495,20738.797060185185,25,27.0
2496,20738.920752314814,25,26.0
2497,20738.99599537037,25,27.0
2498,20739.06635416667,25,28.0
2499,20739.142476851852,25,28.0
2500,20739.212349537036,25,26.0
2501,20739.31837962963,25,27.0
2502,20739.347326388888,25,28.0
2503,20739.412685185187,25,27.0
2504,20739.529895833333,25,28.0
2505,20739.61466435185,25,29.0
2506,20739.692962962963,25,27.0
2507,20739.774270833335,25,26.0
2508,20739.84398148148,25,26.0
2509,20739.92011574074,25,28.0
2510,20739.99079861111,25,28.0
2511,20740.06232638889,25,27.0
2512,20740.5028125,25,27.0
2513,20740.53516203704,25,26.0
2514,20740.571319444443,25,26.0
2515,20740.603032407405,25,26.0
2516,20740.636388888888,25,27.0
2517,20740.671319444446,25,28.0
2518,20740.708935185186,25,27.0
2519,20740.74587962963,25,28.0
2520,20740.782025462962,25,27.0
2521,20740.879814814816,25,28.0
2522,20740.914895833335,25,28.0
2523,20740.94792824074,25,26.0
2524,20740.977546296297,25,26.0
2525,20741.028668981482,25,26.0
2526,20741.083078703705,25,27.0
2527,20741.15403935185,25,26.0
2528,20741.22693287037,25,28.0
2529,20741.27849537037,25,28.0
2530,20741.372835648148,25,29.0
2531,20741.390497685185,25,27.0
2532,20741.420405092595,25,26.0
2533,20741.47127314815,25,26.0
2534,20741.503055555553,25,26.0
2535,20741.538564814815,25,27.0
2536,20741.87212962963,25,28.0
2537,20742.282025462962,25,28.0
2538,20742.306562499998,25,28.0
2539,20742.387685185186,25,26.0
2540,20742.53846064815,25,26.0
2541,20742.728124999998,25,27.0
2542,20743.033171296298,25,27.0
2543,20743.114525462963,25,27.0
2544,20743.19269675926,25,26.0
2545,20743.269363425927,25,26.0
2546,20743.283171296298,25,27.0
2547,20743.325104166666,25,27.0
2548,20743.380208333332,25,26.0
2549,20743.422824074074,25,27.0
2550,20743.441608796296,25,27.0
2551,20743.57181712963,25,28.0
2552,20743.772037037037,25,30.0
2553,20743.815833333334,25,27.0
2554,20743.891064814816,25,27.0
2555,20743.972395833334,25,28.0
2556,20744.06212962963,25,27.0
2557,20744.377604166668,25,26.0
2558,20745.30366898148,25,25.0
2559,20745.53611111111,25,28.0
2560,20746.32849537037,25,26.0
2561,20747.863703703704,25,29.0
2562,20747.962060185186,25,27.0
2563,20748.042314814815,25,29.0
2564,20748.21480324074,25,26.0
2565,20748.29962962963,25,27.0
2566,20748.356296296297,25,26.0
2567,20748.415335648147,25,26.0
2568,20748.53476851852,25,27.0
2569,20748.624641203704,25,29.0
2570,20748.74540509259,25,27.0
2571,20748.840868055555,25,27.0
2572,20748.968009259257,25,27.0
2573,20749.057974537038,25,26.0
2574,20749.193136574075,25,27.0
2575,20749.28315972222,25,27.0
2576,20749.390613425927,25,27.0
2577,20749.452685185184,25,27.0
2578,20749.522453703703,25,26.0
2579,20749.602905092594,25,27.0
2580,20749.634386574075,25,26.0
2581,20751.136006944445,25,26.0
2582,20751.415405092594,25,27.0
2583,20751.447685185183,25,29.0
2584,20751.465983796297,25,26.0
2585,20751.591377314817,25,27.0
2586,20751.728252314813,25,26.0
2587,20751.81027777778,25,26.0
2588,20752.07940972222,25,30.0
2589,20752.122233796297,25,28.0
2590,20752.194641203703,25,25.0
2591,20752.462349537036,25,27.0
2592,20752.559236111112,25,27.0
2593,20752.59457175926,25,26.0
2594,20752.857974537037,25,27.0
2595,20752.91142361111,25,31.0
2596,20753.1040625,25,28.0
2597,20753.359247685185,25,27.0
2598,20753.461284722223,25,27.0
2599,20753.49,25,27.0
2600,20753.650219907406,25,27.0
2601,20753.81283564815,25,26.0
2602,20753.86232638889,25,26.0
2603,20753.980069444446,25,30.0
2604,20753.990358796294,25,27.0
2605,20754.226678240742,25,28.0
2606,20754.245578703703,25,26.0
2607,20754.355532407408,25,27.0
2608,20754.375011574073,25,26.0
2609,20754.52119212963,25,25.0
2610,20754.59099537037,25,27.0
2611,20754.87394675926,25,26.0
2612,20755.156724537035,25,28.0
2613,20755.27346064815,25,26.0
2614,20755.28824074074,25,26.0
2615,20755.49486111111,25,28.0
2616,20755.605844907408,25,26.0
2617,20755.641504629628,25,26.0
2618,20755.710208333334,25,26.0
2619,20755.789074074073,25,29.0
2620,20755.811319444445,25,25.0
2621,20755.874930555558,25,26.0
2622,20756.217557870372,25,27.0
2623,20756.42570601852,25,27.0
2624,20756.43648148148,25,25.0
2625,20756.61130787037,25,28.0
2626,20756.622523148148,25,27.0
2627,20756.66420138889,25,26.0
2628,20756.816712962962,25,27.0
2629,20756.897453703703,25,27.0
2630,20757.048298611113,25,26.0
2631,20757.203923611112,25,27.0
2632,20757.454479166667,25,26.0
2633,20757.567372685186,25,26.0
2634,20757.577916666665,25,27.0
2635,20757.83096064815,25,26.0
2636,20757.880046296297,25,26.0
2637,20758.014583333334,25,25.0
2638,20758.146145833332,25,28.0
2639,20758.173738425925,25,27.0
2640,20758.245972222223,25,27.0
2641,20758.290243055555,25,27.0
2642,20758.351319444442,25,27.0
2643,20758.509305555555,25,28.0
2644,20758.6478125,25,25.0
2645,20758.65724537037,25,27.0
2646,20758.666377314814,25,27.0
2647,20758.811932870372,25,26.0
2648,20759.05429398148,25,27.0
2649,20759.09337962963,25,28.0
2650,20759.206631944446,25,26.0
2651,20759.369699074075,25,26.0
2652,20759.570104166665,25,25.0
2653,20759.61244212963,25,26.0
2654,20759.780381944445,25,26.0
2655,20760.103425925925,25,26.0
2656,20760.21888888889,25,27.0
2657,20760.30822916667,25,26.0
2658,20760.53837962963,25,26.0
2659,20760.66016203704,25,26.0
2660,20760.783981481483,25,26.0
2661,20760.798113425928,25,27.0
2662,20760.861157407406,25,25.0
2663,20760.906435185185,25,27.0
2664,20761.02152777778,25,29.0
2665,20761.30138888889,25,27.0
2666,20761.44087962963,25,29.0
2667,20761.45734953704,25,29.0
2668,20761.588657407407,25,26.0
2669,20761.897534722222,25,25.0
2670,20761.961319444443,25,26.0
2671,20761.969166666666,25,26.0
2672,20762.335011574072,25,27.0
2673,20762.34550925926,25,25.0
2674,20762.399675925928,25,26.0
2675,20762.42315972222,25,25.0
2676,20762.679722222223,25,27.0
2677,20763.131041666667,25,26.0
2678,20763.72423611111,25,25.0
2679,20763.74716435185,25,26.0
2680,20763.842638888887,25,26.0
2681,20763.907175925928,25,26.0
2682,20763.949247685185,25,26.0
2683,20764.03510416667,25,26.0
2684,20764.21390046296,25,26.0
2685,20764.23630787037,25,27.0
2686,20764.337719907406,25,26.0
2687,20764.49984953704,25,26.0
2688,20764.647233796295,25,26.0
2689,20764.923564814813,25,26.0
2690,20765.013680555556,25,25.0
2691,20765.0871875,25,26.0
2692,20765.155185185187,25,26.0
2693,20765.27804398148,25,26.0
2694,20765.298541666667,25,26.0
2695,20765.353645833333,25,25.0
2696,20765.86849537037,25,28.0
2697,20766.02210648148,25,27.0
2698,20766.18758101852,25,27.0
2699,20766.194050925926,25,26.0
2700,20766.34605324074,25,26.0
2701,20766.35287037037,25,26.0
2702,20766.46650462963,25,26.0
2703,20766.511782407408,25,25.0
2704,20766.541643518518,25,27.0
2705,20766.60064814815,25,26.0
2706,20766.60148148148,25,26.0
2707,20766.649907407405,25,27.0
2708,20766.707905092593,25,25.0
2709,20766.740752314814,25,27.0
2710,20766.785972222224,25,26.0
2711,20766.913449074073,25,26.0
2712,20766.936203703703,25,26.0
2713,20767.042222222222,25,27.0
2714,20767.11568287037,25,26.0
2715,20767.148842592593,25,27.0
2716,20767.3471875,25,26.0
2717,20767.374872685185,25,26.0
2718,20767.42599537037,25,26.0
2719,20767.51616898148,25,26.0
2720,20767.54949074074,25,27.0
2721,20767.608634259257,25,28.0
2722,20767.61005787037,25,28.0
2723,20767.659872685184,25,28.0
2724,20767.93474537037,25,26.0
2725,20768.060833333333,25,28.0
2726,20768.275833333333,25,26.0
2727,20768.39195601852,25,27.0
2728,20768.496597222223,25,26.0
2729,20768.667326388888,25,26.0
2730,20768.669247685186,25,27.0
2731,20768.8803125,25,28.0
2732,20769.165335648147,25,26.0
2733,20769.1803125,25,27.0
2734,20769.229733796295,25,26.0
2735,20769.315833333334,25,28.0
2736,20769.40627314815,25,28.0
2737,20769.47150462963,25,26.0
2738,20769.506041666667,25,26.0
2739,20769.586817129628,25,26.0
2740,20769.745185185184,25,26.0
2741,20769.889375,25,28.0
2742,20769.897847222222,25,27.0
2743,20769.951909722222,25,28.0
2744,20770.085196759257,25,28.0
2745,20770.12528935185,25,26.0
2746,20770.322314814814,25,27.0
2747,20770.339780092592,25,25.0
2748,20770.49554398148,25,28.0
2749,20770.590219907408,25,26.0
2750,20770.618449074074,25,27.0
2751,20770.62476851852,25,28.0
2752,20770.651840277777,25,28.0
2753,20770.74608796296,25,27.0
2754,20770.838344907406,25,28.0
2755,20770.90105324074,25,26.0
2756,20770.953009259258,25,26.0
2757,20771.05445601852,25,25.0
2758,20771.081550925926,25,26.0
2759,20771.230243055554,25,27.0
2760,20771.250717592593,25,27.0
2761,20771.415300925928,25,26.0
2762,20771.542094907407,25,25.0
2763,20771.598009259258,25,25.0
2764,20771.650231481482,25,26.0
2765,20771.818194444444,25,27.0
2766,20771.905243055557,25,26.0
2767,20771.910775462962,25,28.0
2768,20771.921307870372,25,29.0
2769,20772.20173611111,25,29.0
2770,20772.472349537038,25,26.0
2771,20772.609120370373,25,26.0
2772,20772.71584490741,25,26.0
2773,20772.849247685186,25,26.0
2774,20773.095844907406,25,26.0
2775,20773.232916666668,25,28.0
2776,20773.343125,25,27.0
2777,20773.40181712963,25,26.0
2778,20773.439212962963,25,26.0
2779,20773.461689814812,25,26.0
2780,20773.780092592595,25,25.0
2781,20773.922071759258,25,25.0
2782,20774.30537037037,25,25.0
2783,20774.337997685183,25,25.0
2784,20774.528425925924,25,25.0
2785,20774.81642361111,25,28.0
2786,20774.92508101852,25,27.0
2787,20775.108252314814,25,27.0
2788,20775.663275462965,25,26.0
2789,20775.709826388887,25,26.0
2790,20775.75590277778,25,26.0
2791,20775.804479166665,25,27.0
2792,20775.874375,25,26.0
2793,20775.90310185185,25,27.0
2794,20775.933796296296,25,27.0
2795,20775.939166666667,25,28.0
2796,20775.961574074074,25,26.0
2797,20776.089409722223,25,27.0
2798,20776.332766203705,25,25.0
2799,20776.50758101852,25,30.0
2800,20777.30087962963,25,42.0
2801,20777.589583333334,25,25.0
2802,20777.88204861111,25,25.0
2803,20779.43886574074,25,27.0
2804,20779.524131944443,25,25.0
2805,20779.530451388888,25,26.0
2806,20779.594004629627,25,26.0
2807,20779.65640046296,25,28.0
2808,20779.712962962964,25,26.0
2809,20779.839097222222,25,26.0
2810,20779.85189814815,25,26.0
2811,20779.93261574074,25,27.0
2812,20779.970127314813,25,26.0
2813,20780.066886574074,25,27.0
2814,20780.080833333333,25,27.0
2815,20780.221203703706,25,27.0
2816,20780.240775462964,25,25.0
2817,20780.263449074075,25,26.0
2818,20780.26951388889,25,28.0
2819,20780.289733796297,25,26.0
2820,20780.304305555557,25,27.0
2821,20780.324351851854,25,27.0
2822,20780.336516203704,25,27.0
2823,20780.350324074072,25,26.0
2824,20780.35111111111,25,26.0
2825,20780.382569444442,25,27.0
2826,20780.454606481482,25,27.0
2827,20780.46709490741,25,26.0
2828,20780.481805555555,25,26.0
2829,20780.500347222223,25,26.0
2830,20780.517048611113,25,26.0
2831,20780.663796296296,25,27.0
2832,20780.834039351852,25,28.0
2833,20780.96552083333,25,27.0
2834,20781.18673611111,25,26.0
2835,20781.199398148146,25,26.0
2836,20781.243854166667,25,26.0
2837,20781.34565972222,25,27.0
2838,20781.424872685184,25,28.0
2839,20781.52795138889,25,26.0
2840,20781.606435185186,25,26.0
2841,20781.667997685185,25,26.0
2842,20782.080613425926,25,26.0
2843,20782.140868055558,25,26.0
2844,20782.27959490741,25,27.0
2845,20782.373287037037,25,27.0
2846,20782.71416666667,25,26.0
2847,20782.96324074074,25,25.0
2848,20783.108935185184,25,26.0
2849,20783.403773148148,25,25.0
2850,20783.452881944442,25,26.0
2851,20783.53027777778,25,26.0
2852,20783.727708333336,25,27.0
2853,20783.77215277778,25,27.0
2854,20783.93222222222,25,28.0
2855,20783.960578703704,25,27.0
2856,20783.98886574074,25,26.0
2857,20784.103657407406,25,27.0
2858,20784.139513888887,25,27.0
2859,20784.19494212963,25,27.0
2860,20784.227152777778,25,27.0
2861,20784.330462962964,25,28.0
2862,20784.340659722224,25,27.0
2863,20784.36579861111,25,29.0
2864,20784.423483796298,25,26.0
2865,20784.45550925926,25,29.0
2866,20784.502766203703,25,28.0
2867,20784.542152777776,25,27.0
2868,20784.585671296296,25,27.0
2869,20784.62136574074,25,28.0
2870,20784.657407407405,25,29.0
2871,20784.6959375,25,27.0
2872,20784.756076388887,25,28.0
2873,20784.79857638889,25,27.0
2874,20784.861631944445,25,27.0
2875,20784.919814814817,25,26.0
2876,20784.982372685186,25,28.0
2877,20785.03792824074,25,27.0
2878,20785.104652777776,25,28.0
2879,20785.164166666666,25,28.0
2880,20785.22978009259,25,27.0
2881,20785.281145833334,25,27.0
2882,20785.339756944446,25,28.0
2883,20785.38601851852,25,29.0
2884,20785.436782407407,25,27.0
2885,20785.480590277777,25,27.0
2886,20785.525856481483,25,27.0
2887,20785.616805555557,25,27.0
2888,20785.7865625,25,26.0
2889,20786.21638888889,25,26.0
2890,20786.244583333333,25,27.0
2891,20786.29388888889,25,28.0
2892,20786.37068287037,25,29.0
2893,20786.436307870372,25,29.0
2894,20786.45045138889,25,26.0
2895,20786.510902777776,25,30.0
2896,20786.570729166666,25,28.0
2897,20786.642094907405,25,26.0
2898,20786.648113425927,25,28.0
2899,20786.714027777776,25,29.0
2900,20786.755949074075,25,29.0
2901,20786.798506944444,25,30.0
2902,20786.87375,25,28.0
2903,20786.945439814815,25,29.0
2904,20787.01255787037,25,29.0
2905,20787.050891203704,25,27.0
2906,20787.09744212963,25,27.0
2907,20787.153229166666,25,28.0
2908,20787.21447916667,25,29.0
2909,20787.284976851854,25,28.0
2910,20787.354537037038,25,26.0
2911,20787.35715277778,25,29.0
2912,20787.406608796296,25,29.0
2913,20787.457592592593,25,29.0
2914,20787.504988425924,25,27.0
2915,20787.55707175926,25,
2916,20787.606273148147,25,27.0
2917,20787.65127314815,25,
2918,20787.692280092593,25,
2919,20787.788576388888,25,
2920,20787.819560185188,25,28.0
2921,20787.829999999998,25,26.0
2922,20787.844629629628,25,27.0
2923,20787.869953703703,25,28.0
2924,20787.887835648147,25,27.0
2925,20787.893113425926,25,26.0
2926,20787.924328703706,25,28.0
2927,20787.954699074075,25,29.0
2928,20787.978356481482,25,26.0
2929,20788.002685185184,25,28.0
2930,20788.017048611113,25,25.0
2931,20788.041643518518,25,28.0
2932,20788.078125,25,28.0
2933,20788.116932870373,25,26.0
2934,20788.21523148148,25,26.0
2935,20788.234675925927,25,26.0
2936,20789.426655092593,25,26.0
2937,20789.460266203703,25,26.0
2938,20789.503368055553,25,26.0
2939,20789.53861111111,25,27.0
2940,20789.59596064815,25,27.0
2941,20789.72556712963,25,26.0
2942,20789.781770833335,25,26.0
2943,20790.92090277778,25,27.0
2944,20790.97590277778,25,26.0
2945,20791.077060185187,25,26.0
2946,20791.13394675926,25,26.0
2947,20791.354375,25,27.0
2948,20791.40241898148,25,26.0
2949,20791.467881944445,25,25.0
2950,20791.549212962964,25,26.0
2951,20791.625717592593,25,25.0
2952,20791.906990740743,25,26.0
2953,20792.060439814817,25,26.0
2954,20792.753344907407,25,27.0
2955,20793.084907407407,25,26.0
2956,20793.401041666668,25,27.0
2957,20793.43008101852,25,28.0
2958,20793.46164351852,25,25.0
2959,20793.502650462964,25,26.0
2960,20793.77409722222,25,28.0
2961,20794.297407407408,25,27.0
2962,20794.34020833333,25,27.0
2963,20794.478310185186,25,25.0
2964,20794.493391203705,25,26.0
2965,20794.53386574074,25,26.0
2966,20794.571655092594,25,27.0
2967,20794.600868055557,25,25.0
2968,20794.908981481483,25,26.0
2969,20795.08125,25,26.0
2970,20795.123900462964,25,26.0
